Mã học kỳ,Mã lớp,NO.,CODE,PROGRESS TESTS-10,LABS-10,ASSIGNMENTS-20,PRACTICAL EXAM-30,FINAL EXAM-30,TOTAL,STATUS,ASSIGNMENTS-10
FA2022,FA2022-class 1,1,1905AGBIAH,7.7,5.1,9.3,0,0,3.1,Attendance Fail,
FA2022,FA2022-class 1,2,1905AEJDBG,8.3,6.6,9.3,9.7,6.8,8.3,Passed,
FA2022,FA2022-class 1,3,1905AGBJBF,7.7,5.3,9.1,9.7,5.5,7.7,Passed,
FA2022,FA2022-class 1,4,1905AGBFID,6,4.2,7,9.2,6.6,7.2,Passed,
FA2022,FA2022-class 1,5,1905AGAGIB,9.6,8.8,10,10,8.4,9.4,Passed,
FA2022,FA2022-class 1,6,1905AGBJFA,8.1,6.2,9.4,9.9,6.1,8.1,Passed,
FA2022,FA2022-class 1,7,1905AGBDDF,6.8,4.5,7.9,8.4,0,5.2,Not Passed,
FA2022,FA2022-class 1,8,1905AGJJHB,6.7,4.8,9.4,9.9,4.9,7.5,Passed,
FA2022,FA2022-class 1,9,1919AFJBJG,7,3.8,8,7.9,0,5.1,Attendance Fail,
FA2022,FA2022-class 1,10,1905AGCFAC,8.1,5,8.7,9,6.1,7.6,Passed,
FA2022,FA2022-class 1,11,1905AGBIAJ,5.5,3.7,7.9,0,0,2.5,Attendance Fail,
FA2022,FA2022-class 1,12,1905AGBGED,7.7,5.8,8,8.6,5.1,7,Passed,
FA2022,FA2022-class 1,13,1905AGJECD,7.1,5.3,8.6,9.7,5.9,7.6,Passed,
FA2022,FA2022-class 1,14,1905AGBGIH,6.8,5.2,8.3,9,4.5,6.9,Passed,
FA2022,FA2022-class 1,15,1905AGBHAH,8.9,6.4,9.7,10,6.9,8.5,Passed,
FA2022,FA2022-class 1,16,1905AGBFBI,7.7,6.3,8.5,9.7,5.7,7.7,Passed,
FA2022,FA2022-class 1,17,1905AFJDCD,10,9.1,10,10,7.3,9.1,Passed,
FA2022,FA2022-class 1,18,1905AGAECD,6.4,3.3,9.2,10,5.1,7.3,Passed,
FA2022,FA2022-class 1,19,1905AGBJEF,8.2,5.3,9.4,10,5.1,7.7,Passed,
FA2022,FA2022-class 1,20,1905AGCJCB,10,9,10,10,8.4,9.4,Passed,
FA2022,FA2022-class 1,21,1905AGAJDC,8,6,9.3,10,6.3,8.1,Passed,
FA2022,FA2022-class 1,22,1905AGBGGB,6.8,5.3,7.7,9,5.3,7,Passed,
FA2022,FA2022-class 1,23,1905AGCDFB,8.7,5.6,9.5,9.7,4.7,7.7,Passed,
FA2022,FA2022-class 1,24,1905AGCFHJ,7.5,6.7,9.2,10,5.5,7.9,Passed,
FA2022,FA2022-class 1,25,1919AGJIEA,7.5,4.8,8.6,10,4.1,7.2,Passed,
FA2022,FA2022-class 1,26,1905AGJEFE,7.8,5,8.7,9.2,4.6,7.1,Passed,
FA2023,FA2023-class 1,1,1905AFABAB,0,0,0,0,0,0,Attendance Fail,
FA2023,FA2023-class 1,2,0305AHJDFC,1,2.2,0,0,0,0.3,Attendance Fail,
FA2023,FA2023-class 1,3,1905AHJCBI,9.4,9.6,10,9,8.2,9.1,Passed,
FA2023,FA2023-class 1,4,1905AHJDHB,4.5,4.8,1,2,5.2,3.3,Not Passed,
FA2023,FA2023-class 1,5,1905AHCAED,5.2,7.8,6,2,6,4.9,Not Passed,
FA2023,FA2023-class 1,6,1905AHCDHJ,1,0,0,0,0,0.1,Attendance Fail,
FA2023,FA2023-class 1,7,1905AHAFJB,5.4,9.3,10,8,8.2,8.3,Passed,
FA2023,FA2023-class 1,8,1905AHDAEC,0,0,0,0,0,0,Attendance Fail,
FA2023,FA2023-class 1,9,1705AHJAGG,9.9,8.8,10,10,8.6,9.5,Passed,
FA2023,FA2023-class 1,10,1905AHJJHI,9.9,6.6,9,7,5.6,7.2,Passed,
FA2023,FA2023-class 1,11,1905AGAGFG,8.8,3.4,8,0,3,3.7,Not Passed,
FA2023,FA2023-class 1,12,1905AHAEJA,10,9.8,10,10,9.2,9.7,Passed,
FA2023,FA2023-class 1,13,1905AGAEBF,1,3.8,1,0,0,0.7,Attendance Fail,
FA2023,FA2023-class 1,14,1905AHJBEA,9.5,7.6,10,9,8.6,9,Passed,
FA2023,FA2023-class 1,15,1905AGCFAF,5.2,6.9,6,4,7.2,5.8,Passed,
FA2023,FA2023-class 1,16,1905AHDAID,1,1.8,0,0,0,0.3,Attendance Fail,
FA2023,FA2023-class 1,17,1905AHBIAG,9.3,6.6,8,0,0,3.2,Attendance Fail,
FA2023,FA2023-class 1,18,1905AHBHFB,1,1.6,1,0,0,0.5,Attendance Fail,
FA2023,FA2023-class 1,19,1905AGBGHF,9.3,5.8,10,9,7.2,8.4,Passed,
FA2023,FA2023-class 1,20,1905AHEJCE,9.4,7.6,8,4,5.2,6.1,Passed,
FA2023,FA2023-class 1,21,1919AHAAEJ,4.9,7.4,1,8,7.4,6.1,Passed,
FA2023,FA2023-class 1,22,1905AHAFHE,9.7,9.7,10,9,9.4,9.5,Passed,
FA2023,FA2023-class 1,23,1905AHCAJA,5.3,8.5,8,8,6.4,7.3,Passed,
FA2023,FA2023-class 1,24,1905AHCJEJ,1,4.8,1,7,7.2,5,Passed,
FA2023,FA2023-class 1,25,1905AHCABJ,1,2.2,1,0,0,0.5,Attendance Fail,
FA2023,FA2023-class 1,26,1905AHJBDI,1,5.8,1,0,0,0.9,Attendance Fail,
FA2023,FA2023-class 1,27,1905AHBBAG,9.1,7.2,9,7,6,7.3,Passed,
FA2023,FA2023-class 1,28,1905AGCAGG,1,2.5,1,0,0,0.6,Attendance Fail,
FA2023,FA2023-class 1,29,1905AHJJHJ,5.4,7.9,6,9,6.6,7.2,Passed,
FA2023,FA2023-class 1,30,1905AGBDFJ,9.8,9.2,8,8,7,8,Passed,
FA2023,FA2023-class 2,1,1905AHCADA,7.9,4.4,5.8,5,7.1,6,Passed,
FA2023,FA2023-class 2,2,1905AHCHHD,4.3,9.5,8.3,9,7.4,7.9,Passed,
FA2023,FA2023-class 2,3,1905AHCGAH,9.5,8.3,9,2,6.2,6,Passed,
FA2023,FA2023-class 2,4,1905AGBFBG,8.7,8.6,9.3,3,5.8,6.2,Passed,
FA2023,FA2023-class 2,5,1905AGCFJI,9.1,5.8,7,6,0,4.7,Attendance Fail,
FA2023,FA2023-class 2,6,1905AHAEHB,9.3,5,6.8,0,0,2.8,Attendance Fail,
FA2023,FA2023-class 2,7,1905AHBFCA,7.5,8.4,8.8,3,7.2,6.4,Passed,
FA2023,FA2023-class 2,8,1905AHAEAB,10,9.2,9.5,7,8.8,8.6,Passed,
FA2023,FA2023-class 2,9,1905AGAIFH,3.8,2,2.8,0,0,1.1,Attendance Fail,
FA2023,FA2023-class 2,10,1905AHBEHE,0,0,0,0,0,0,Attendance Fail,
FA2023,FA2023-class 2,11,1905AGJDEI,8.7,6,7,9,8.4,8.1,Passed,
FA2023,FA2023-class 2,12,1705AHJAJG,0,0,0,0,0,0,Attendance Fail,
FA2023,FA2023-class 2,13,1905AGAAFC,6,8.1,7.8,7,6,6.9,Passed,
FA2024,FA2024-class 1,1,1905AIFEJI,9.4,10,9,0,0,3.7,Not Passed,
FA2024,FA2024-class 1,2,1905AIFBCG,8.4,8.2,1,0,0,1.9,Not Passed,
FA2024,FA2024-class 1,3,1905AHJGHD,8.6,9.7,10,10,7.6,9.1,Passed,
FA2024,FA2024-class 1,4,1905AIFGAA,8.8,6.4,4.5,0,0,2.4,Not Passed,
FA2024,FA2024-class 1,5,1905AGBHGD,0,0,0,0,0,0,Attendance Fail,
FA2024,FA2024-class 1,6,1905AICJGF,8.6,9.7,9.5,0,7.6,6,Not Passed,
FA2024,FA2024-class 1,7,1901AGJAIA,3.5,10,4.5,0,0,2.2,Attendance Fail,
FA2024,FA2024-class 1,8,1905AIFDDJ,8.5,8.2,10,2,5,5.8,Passed,
FA2024,FA2024-class 1,9,1905AHCHGG,7.4,10,9,0,0,3.5,Not Passed,
FA2024,FA2024-class 1,10,1905AIJAHF,9.5,10,8,0,6,5.4,Not Passed,
FA2024,FA2024-class 1,11,1905AHDHED,4,2,4.5,0,0,1.5,Attendance Fail,
FA2024,FA2024-class 1,12,1905AHJBFG,4.5,4,0,0,0,0.8,Attendance Fail,
FA2024,FA2024-class 1,13,1905AHJDGH,9.1,9.7,8.5,1,8.2,6.3,Passed,
FA2024,FA2024-class 1,14,1905AICHJG,8.7,10,7.5,0,4.4,4.7,Not Passed,
FA2024,FA2024-class 1,15,1905AIFDFI,0,2,0.5,0,0,0.3,Attendance Fail,
FA2024,FA2024-class 1,16,1905AIJAHI,9.2,9.7,8,0,6.4,5.4,Not Passed,
FA2024,FA2024-class 1,17,1905AHCAJC,9.2,10,9.3,10,9,9.5,Passed,
FA2024,FA2024-class 1,18,1905AIDCHD,8.8,9.7,10,10,7,9,Passed,
FA2024,FA2024-class 1,19,1905AHDDHF,8.5,10,9.3,0,5.6,5.4,Not Passed,
FA2024,FA2024-class 1,20,1905AHBAIJ,9,4.3,5.5,0,0,2.4,Not Passed,
FA2024,FA2024-class 1,21,1905AIDHHG,0,0,0,0,0,0,Attendance Fail,
FA2024,FA2024-class 1,22,1905AIFFFJ,9.1,10,10,2.5,8.2,7.1,Passed,
FA2024,FA2024-class 1,23,1905AIDHCC,8.9,9.7,10,7,6.8,8,Passed,
FA2024,FA2024-class 1,24,1905AHAICC,9,10,8.5,2,7.4,6.4,Passed,
FA2024,FA2024-class 1,25,1905AIDBDH,8.3,10,9,0,7,5.7,Not Passed,
FA2024,FA2024-class 1,26,1905AIFFDJ,3.8,1.9,5,0,0,1.6,Attendance Fail,
FA2024,FA2024-class 1,27,1905AICAJH,8.4,10,10,10,7.4,9.1,Passed,
FA2024,FA2024-class 1,28,1905AHJBJA,8.5,10,9,7,6.8,7.8,Passed,
FA2024,FA2024-class 1,29,1905AIFDEJ,8.7,9.7,7,2,7.2,6,Passed,
FA2024,FA2024-class 1,30,1905AHDAFF,8,10,9,0,0,3.6,Not Passed,
FA2024,FA2024-class 1,31,1905AIJBIG,9.1,10,8.5,4,6.6,6.8,Passed,
FA2024,FA2024-class 1,32,1905AHJJHH,8.3,9.7,5.5,0,0,2.9,Not Passed,
FA2024,FA2024-class 2,1,1905AHCHEA,0,0,0,0,0,0,Attendance Fail,
FA2024,FA2024-class 2,2,1905AICGCE,4,3.3,1,0,0,0.9,Not Passed,
FA2024,FA2024-class 2,3,1905AIBCGJ,6.4,10,4.3,0,8.4,5,Not Passed,
FA2024,FA2024-class 2,4,1905AHDBAF,0,0,0,0,0,0,Attendance Fail,
FA2024,FA2024-class 2,5,1905AIBFJA,6.8,8.3,5.5,0,0,2.6,Not Passed,
FA2024,FA2024-class 2,6,1905AIBEIE,4.8,6.7,5,0,5.6,3.8,Not Passed,
FA2024,FA2024-class 2,7,1905AFAHIF,3.9,6,4.5,0,0,1.9,Not Passed,
FA2024,FA2024-class 2,8,1905AIBFHE,4.3,7,8.5,0,4.6,4.2,Not Passed,
FA2024,FA2024-class 2,9,1905AHDAEC,0,0,0,0,0,0,Attendance Fail,
FA2024,FA2024-class 2,10,1905AIFEBG,4.1,3.7,7.5,4,5.4,5.1,Passed,
FA2024,FA2024-class 2,11,0305AIJAHF,7.8,4,2,0,6.6,3.6,Not Passed,
FA2024,FA2024-class 2,12,1905AHCIEE,8.8,5.7,2,8,4.2,5.5,Passed,
FA2024,FA2024-class 2,13,1905AIFFIA,8.4,7,9.5,3,8,6.7,Passed,
FA2024,FA2024-class 2,14,1905AIJIAG,4.7,6,4,0,0,1.9,Not Passed,
FA2024,FA2024-class 2,15,1905AGBHGF,6.2,9,9,0,0,3.3,Not Passed,
FA2024,FA2024-class 2,16,1905AICBCA,8,9.7,7.5,0,0,3.3,Not Passed,
FA2024,FA2024-class 2,17,1905AICBDJ,7,10,8.5,0,0,3.4,Not Passed,
SP2022,SP2022-class 1,1,1905AEJAJF,4.5,8.6,8.5,0,0,3,Not Passed,
SP2022,SP2022-class 1,2,1905AFJHIA,4.8,9,7,5,5.6,6,Passed,
SP2022,SP2022-class 1,3,1905AFJAHG,9.2,10,10,10,9.2,9.7,Passed,
SP2022,SP2022-class 1,4,1905AFJDIA,9.7,10,10,10,7.8,9.3,Passed,
SP2022,SP2022-class 1,5,1905AFJDAJ,0,0,0,0,0,0,Not Passed,
SP2022,SP2022-class 1,6,1905AFJAFH,9.4,10,10,10,7.4,9.2,Passed,
SP2022,SP2022-class 1,7,1905AFJCFB,9,1.6,0,2.5,0,1.8,Not Passed,
SP2022,SP2022-class 1,8,1905AGJBGJ,8.8,7,5,1,7.6,5.2,Passed,
SP2022,SP2022-class 1,9,1905AEJGEB,0,1.6,0,0,0,0.2,Attendance Fail,
SP2022,SP2022-class 1,10,1905AFJEDA,5.2,6,7,1,0,2.8,Not Passed,
SP2022,SP2022-class 1,11,1905AFJHHE,8.4,8,8,1,6.2,5.4,Passed,
SP2022,SP2022-class 1,12,1905AFAJGG,8.7,7.6,9,10,5.4,8,Passed,
SP2022,SP2022-class 1,13,1905AFJJDA,9.3,8.4,8,10,7,8.5,Passed,
SP2022,SP2022-class 1,14,1905AFAJCD,9.2,9.7,10,1,6.2,6,Passed,
SP2022,SP2022-class 1,15,1905AFAJEH,9.3,8.6,9,1,6.8,5.9,Passed,
SP2022,SP2022-class 1,16,1905AFAJCF,10,10,10,6.5,8.8,8.6,Passed,
SP2022,SP2022-class 1,17,1905AFJDCD,9.2,8.6,8,2.5,6,5.9,Passed,
SP2022,SP2022-class 1,18,1905AFAJJE,8.7,9.7,10,2,7.2,6.6,Passed,
SP2022,SP2022-class 1,19,1905AFJIGB,10,10,10,10,8.6,9.6,Passed,
SP2022,SP2022-class 1,20,1905AFJDDI,9.9,10,10,10,7,9.1,Passed,
SP2022,SP2022-class 1,21,1905AFJJFI,9.8,9.8,10,2.5,8.2,7.2,Passed,
SP2022,SP2022-class 1,22,1905AFJECA,9.7,9.2,9,10,7,8.8,Passed,
SP2022,SP2022-class 1,23,1905AFJEED,9.5,9.9,9,8,7,8.2,Passed,
SP2022,SP2022-class 1,24,1905AFJICA,9.8,10,10,10,8.8,9.6,Passed,
SP2022,SP2022-class 1,25,1905AFJJED,9.8,9.8,10,3,7,7,Passed,
SP2022,SP2022-class 1,26,1905AFJDBH,9.3,8.8,8,3.5,7.6,6.7,Passed,
SP2022,SP2022-class 1,27,1905AGJCEJ,8,5.2,0,0,0,1.3,Not Passed,
SP2022,SP2022-class 1,28,1905AGJEEG,9.4,9,9,1,7.4,6.2,Passed,
SP2022,SP2022-class 2,1,1905AFACGI,9.5,9.4,10,7,7.2,8.2,Passed,
SP2022,SP2022-class 2,2,1905AFAJIF,9.8,9.3,10,5,6.4,7.3,Passed,
SP2022,SP2022-class 2,3,1905AGJCHH,10,9.8,10,8,6.8,8.4,Passed,
SP2022,SP2022-class 2,4,1905AFJDBF,8.5,8.9,10,8,7.4,8.4,Passed,
SP2022,SP2022-class 2,5,1905AFBJBF,9.5,8.3,6,8,6.6,7.4,Passed,
SP2022,SP2022-class 2,6,1905AFAAEA,9,9.2,10,8,6,8,Passed,
SP2022,SP2022-class 2,7,1905AFAEEJ,8.5,7.3,6,4,6.4,5.9,Passed,
SP2022,SP2022-class 2,8,1905AFAHDI,9.8,9.3,9,8,5,7.6,Passed,
SP2022,SP2022-class 2,9,1905AFABAD,9.8,8.7,7,8,6.8,7.7,Passed,
SP2022,SP2022-class 2,10,1905AFJBDC,8.8,9.1,10,8,8.4,8.7,Passed,
SP2022,SP2022-class 2,11,1905AFBAEH,10,9.5,10,5,7.4,7.7,Passed,
SP2022,SP2022-class 2,12,1905AFAHDH,0,0,0,0,0,0,Attendance Fail,
SP2022,SP2022-class 2,13,1905AFAAJA,9.8,9.3,10,5,6.8,7.4,Passed,
SP2022,SP2022-class 2,14,1905AGAJHE,10,9.9,10,9,8.2,9.2,Passed,
SP2022,SP2022-class 2,15,1905AFAIFJ,10,9.8,10,8,8.2,8.8,Passed,
SP2022,SP2022-class 2,16,1905AFBAJD,8.5,8.6,10,5,7.2,7.4,Passed,
SP2022,SP2022-class 2,17,1905AFAAJC,9,8.9,10,5,6.4,7.2,Passed,
SP2022,SP2022-class 2,18,1905AFAHJI,9.8,9.7,10,8,8,8.7,Passed,
SP2022,SP2022-class 2,19,1905AFABCE,9.3,9.5,10,9,7.6,8.9,Passed,
SP2022,SP2022-class 2,20,1905AFADCB,9.3,8.7,9,5,8.6,7.7,Passed,
SP2022,SP2022-class 2,21,1905AFAFCF,9.3,9.3,10,8,6.4,8.2,Passed,
SP2022,SP2022-class 2,22,1905AFAIGH,8.8,9.1,10,9,7,8.6,Passed,
SP2022,SP2022-class 3,1,1905AGACHF,9.8,10,10,9,8.8,9.3,Passed,
SP2022,SP2022-class 3,2,1905AGABCJ,9.8,10,10,9,8.2,9.1,Passed,
SP2022,SP2022-class 3,3,1905AGABIB,9.8,9,10,10,8,9.3,Passed,
SP2022,SP2022-class 3,4,1905AGAAGG,8.8,10,10,10,7.8,9.2,Passed,
SP2022,SP2022-class 3,5,1905AGACDJ,9.5,6.6,8,3,6.2,6,Passed,
SP2022,SP2022-class 3,6,1905AGACCH,9.8,9.3,10,8,8.4,8.8,Passed,
SP2022,SP2022-class 3,7,1905AGAGGJ,8.5,9.5,10,6,6.4,7.5,Passed,
SP2022,SP2022-class 3,8,1905AGAJBF,9.5,9.8,10,9,8.2,9.1,Passed,
SP2022,SP2022-class 3,9,1905AGCDHG,10,10,10,10,7.6,9.3,Passed,
SP2022,SP2022-class 3,10,1905AGACGH,4,3.2,2.5,0,4.6,2.6,Not Passed,
SP2022,SP2022-class 3,11,1905AGAJHG,9.8,10,9,9,8.2,8.9,Passed,
SP2022,SP2022-class 3,12,1905AGAGJI,8,10,10,8,8.4,8.7,Passed,
SP2022,SP2022-class 3,13,1905AGAHAD,9,8.2,7.5,8,7.6,7.9,Passed,
SP2022,SP2022-class 3,14,1905AGAGJC,9,9.8,10,5,7.2,7.5,Passed,
SP2022,SP2022-class 3,15,1905AGACHG,9.8,8.8,8,5,7.6,7.2,Passed,
SP2022,SP2022-class 3,16,1905AGAJGJ,9.3,10,10,5,6.8,7.5,Passed,
SP2022,SP2022-class 3,17,1905AGAJBE,9.5,9.8,10,4,7.8,7.5,Passed,
SP2022,SP2022-class 3,18,1905AGADGF,9.3,8.6,10,6,8.6,8.2,Passed,
SP2022,SP2022-class 3,19,1905AGACHE,9.8,9.8,10,5,6.4,7.4,Passed,
SP2022,SP2022-class 3,20,1905AGAIAI,9.5,10,10,9,8,9.1,Passed,
SP2022,SP2022-class 3,21,1905AGAAIJ,9.8,9.8,10,9,7.4,8.9,Passed,
SP2022,SP2022-class 3,22,1905AGACGG,0,1.2,0,0,0,0.1,Not Passed,
SP2022,SP2022-class 3,23,1905AGAIEA,9.8,8.8,10,6,7.8,8,Passed,
SP2022,SP2022-class 3,24,1905AGACED,9.8,9,10,10,8.4,9.4,Passed,
SP2022,SP2022-class 3,25,1905AGAHFA,8.5,6.8,8,3,5.4,5.7,Passed,
SP2022,SP2022-class 3,26,1905AGABEG,8.5,9.2,10,8,6.6,8.2,Passed,
SP2022,SP2022-class 3,27,1905AGADDI,9.3,10,10,5,7.4,7.6,Passed,
SP2022,SP2022-class 3,28,1905AGAABE,9,9.3,10,4,6.8,7.1,Passed,
SP2022,SP2022-class 4,1,1905AGBIII,9.5,10,10,10,9,9.7,Passed,
SP2022,SP2022-class 4,2,1905AGBHAF,8.5,10,10,10,7.2,9,Passed,
SP2022,SP2022-class 4,3,1905AGCBEG,0,4.6,5,0,0,1.5,Attendance Fail,
SP2022,SP2022-class 4,4,1905AGCJGD,8.5,10,10,7.3,6.8,8.1,Passed,
SP2022,SP2022-class 4,5,1905AGCJEC,9,8.2,5,10,6.4,7.6,Passed,
SP2022,SP2022-class 4,6,1905AGBHGG,9.8,10,10,10,8.4,9.5,Passed,
SP2022,SP2022-class 4,7,1905AGBJDG,9.5,10,10,10,8.4,9.5,Passed,
SP2022,SP2022-class 4,8,1905AGBBCF,9.8,10,10,9.9,8,9.3,Passed,
SP2022,SP2022-class 4,9,1905AGBFDG,9.5,10,10,10,7.6,9.2,Passed,
SP2022,SP2022-class 4,10,1905AGCJHJ,9,10,10,10,7.4,9.1,Passed,
SP2022,SP2022-class 4,11,1905AGBCGJ,9,10,10,10,6,8.7,Passed,
SP2022,SP2022-class 4,12,1905AGCCCI,9.3,10,10,10,5.6,8.6,Passed,
SP2022,SP2022-class 4,13,1905AGCCEB,8,8.2,10,1,4.6,5.3,Passed,
SP2022,SP2022-class 4,14,1905AGBCBE,9.5,10,10,9.9,8,9.3,Passed,
SP2022,SP2022-class 4,15,1905AGBCDG,10,10,10,10,8.4,9.5,Passed,
SP2022,SP2022-class 4,16,1905AGJCJG,9,8.2,10,10,7,8.8,Passed,
SP2022,SP2022-class 4,17,1905AGBFBI,8.5,10,10,10,0,6.9,Not Passed,
SP2022,SP2022-class 4,18,1905AGJBJI,9.8,10,10,10,7.4,9.2,Passed,
SP2022,SP2022-class 4,19,1905AGBBBG,8.5,10,10,9.7,7.2,8.9,Passed,
SP2022,SP2022-class 4,20,1905AGBCFI,8.5,10,10,10,8,9.3,Passed,
SP2022,SP2022-class 4,21,1905AGJJEF,9.8,10,10,10,7.6,9.3,Passed,
SP2022,SP2022-class 4,22,1905AGBIDB,9.8,10,10,10,7.6,9.3,Passed,
SP2022,SP2022-class 4,23,1905AGBBFC,9.5,10,10,9.7,6.8,8.9,Passed,
SP2022,SP2022-class 4,24,1905AGBIFG,9.8,10,10,10,7.6,9.3,Passed,
SP2022,SP2022-class 4,25,1905AGCEJF,8.5,10,10,9.7,6.6,8.7,Passed,
SP2022,SP2022-class 4,26,1905AGCJAD,9.3,10,10,6.7,7.2,8.1,Passed,
SP2022,SP2022-class 4,27,1905AGBHDJ,8,8.2,5.5,9.7,4.4,7,Passed,
SP2022,SP2022-class 4,28,1905AGCEGG,9,8.6,1,9.7,6.6,6.9,Passed,
SP2022,SP2022-class 4,29,1905AGBDAG,10,10,10,10,7.8,9.3,Passed,
SP2022,SP2022-class 4,30,1905AGJDDE,9.5,10,10,10,8.4,9.5,Passed,
SP2022,SP2022-class 5,1,1905AGAJAC,9.9,9.9,5,8,6.8,7.4,Passed,
SP2022,SP2022-class 5,2,1905AGBIAH,9.7,9.2,10,1,0,4.2,Not Passed,
SP2022,SP2022-class 5,3,1905AGJJCI,9.4,8.8,10,1,4.6,5.5,Passed,
SP2022,SP2022-class 5,4,1905AGCADG,9.8,9.8,10,4.5,7.6,7.6,Passed,
SP2022,SP2022-class 5,5,1905AGJJGE,9.8,9.7,10,10,6.4,8.9,Passed,
SP2022,SP2022-class 5,6,1905AGBJDI,8.6,8.2,10,1,6.2,5.8,Passed,
SP2022,SP2022-class 5,7,1905AGJEGJ,8.7,8.8,10,5,8,7.6,Passed,
SP2022,SP2022-class 5,8,1905AGAHJC,9.4,9.9,10,10,7.4,9.2,Passed,
SP2022,SP2022-class 5,9,1905AGBEEG,9.7,9.7,10,10,7.8,9.3,Passed,
SP2022,SP2022-class 5,10,1905AGAHDI,9.9,9,5,8,7.6,7.6,Passed,
SP2022,SP2022-class 5,11,1905AFJCCB,8.8,8.5,10,5,7.2,7.4,Passed,
SP2022,SP2022-class 5,12,1905AGAJBH,9.8,9.5,10,8,7.8,8.7,Passed,
SP2022,SP2022-class 5,13,1905AGAAAI,9.3,8.7,10,10,7.6,9.1,Passed,
SP2022,SP2022-class 5,14,1905AGBJFE,9.2,8,10,5,8.2,7.7,Passed,
SP2022,SP2022-class 5,15,1905AGJAFB,9.6,10,10,4.5,7.2,7.5,Passed,
SP2022,SP2022-class 5,16,1905AGCJHB,9.3,9.6,10,1,6.4,6.1,Passed,
SP2022,SP2022-class 5,17,1905AGACHH,9.4,9.8,10,10,7.8,9.3,Passed,
SP2022,SP2022-class 5,18,1905AGABJJ,9.3,9.3,10,5,7.2,7.5,Passed,
SP2022,SP2022-class 5,19,1905AGJDBC,9.4,9,10,3,7.6,7,Passed,
SP2022,SP2022-class 5,20,1905AGJJHG,9.8,10,10,10,8.6,9.6,Passed,
SP2022,SP2022-class 5,21,1905AGJBIC,9.5,9.9,10,8,8.4,8.9,Passed,
SP2022,SP2022-class 5,22,1905AGBIBB,9.9,10,10,10,7.8,9.3,Passed,
SP2022,SP2022-class 5,23,1905AGAAEB,9.4,8.9,10,7,7.4,8.2,Passed,
SP2022,SP2022-class 5,24,1905AGCFEH,9.2,8.6,10,9,8.2,8.9,Passed,
SP2022,SP2022-class 5,25,1905AGBJJG,9.7,10,10,10,8.6,9.5,Passed,
SP2022,SP2022-class 5,26,1905AGBJCF,8.3,9.3,7,7.5,6,7.2,Passed,
SP2023,SP2023-class 1,1,1905AGJCHD,0,0,0,0,0,0,Attendance Fail,
SP2023,SP2023-class 1,2,1905AGJEHH,10,10,10,10,5.2,8.6,Passed,
SP2023,SP2023-class 1,3,1905AHCAFE,10,10,10,10,5.4,8.6,Passed,
SP2023,SP2023-class 1,4,1905AGABII,0,0,0,0,0,0,Attendance Fail,
SP2023,SP2023-class 1,5,1905AGJCGE,10,10,10,10,9.6,9.9,Passed,
SP2023,SP2023-class 1,6,1905AGAEJH,0,0,0,0,0,0,Attendance Fail,
SP2023,SP2023-class 1,7,1905AGAJEB,10,10,10,10,7.2,9.2,Passed,
SP2023,SP2023-class 1,8,1905AEJGEB,6.8,6.1,4,4,4,4.5,Not Passed,
SP2023,SP2023-class 1,9,1905AGAGAE,10,9.8,9,10,7.2,8.9,Passed,
SP2023,SP2023-class 1,10,1905AGADJA,10,10,10,10,8.4,9.5,Passed,
SP2023,SP2023-class 1,11,1905AHCJBH,10,10,10,10,7.8,9.3,Passed,
SP2023,SP2023-class 1,12,1905AGACDB,9.9,10,10,10,4.2,8.2,Passed,
SP2023,SP2023-class 1,13,1905AHAIHC,7.1,9.3,10,9,6.4,8.3,Passed,
SP2023,SP2023-class 1,14,1905AHAFHG,10,10,10,10,7.8,9.3,Passed,
SP2023,SP2023-class 1,15,1905AFAHJA,10,10,10,10,7.6,9.3,Passed,
SP2023,SP2023-class 1,16,1905AGAABD,10,9.9,9.5,10,7,9,Passed,
SP2023,SP2023-class 1,17,1905AHCIFI,10,10,10,10,7.8,9.3,Passed,
SP2023,SP2023-class 1,18,1905AGAJBA,5.8,5.3,3.5,5.8,7.4,5.8,Passed,
SP2023,SP2023-class 1,19,1905AGJEBB,9.1,9,8.5,9.5,5.2,7.9,Passed,
SP2023,SP2023-class 1,20,1905AGAJEI,10,10,10,10,7.4,9.2,Passed,
SP2023,SP2023-class 1,21,1905AGABHH,0,0,0,0,0,0,Attendance Fail,
SP2023,SP2023-class 1,22,1905AGJEJG,10,10,10,10,8.2,9.5,Passed,
SP2023,SP2023-class 1,23,1905AGABBF,10,10,10,10,7.2,9.2,Passed,
SP2023,SP2023-class 1,24,1905AGJEJI,10,10,10,10,7.6,9.3,Passed,
SP2023,SP2023-class 1,25,1905AGJACF,10,10,10,10,9.4,9.8,Passed,
SP2023,SP2023-class 1,26,1905AGACJI,6.2,5.2,2,8.3,5.4,5.6,Passed,
SP2023,SP2023-class 1,27,1905AGADCG,10,10,10,10,7.2,9.2,Passed,
SP2023,SP2023-class 1,28,1905AGACEF,0,0,0,0,0,0,Attendance Fail,
SP2023,SP2023-class 1,29,1905AGJCDJ,6.1,6.4,6.5,6.3,7.4,6.7,Passed,
SP2023,SP2023-class 1,30,1905AGAEJF,5.8,5.4,4.3,6.3,4.8,5.3,Passed,
SP2023,SP2023-class 2,1,1905AGAHFJ,5,6.2,5.4,5.8,4.4,5.3,Passed,
SP2023,SP2023-class 2,2,1905AGBIGJ,5,8.1,8.8,7.6,5,6.9,Passed,
SP2023,SP2023-class 2,3,1905AHJJAH,6.8,9,7.1,8.1,6,7.2,Passed,
SP2023,SP2023-class 2,4,1905AGAIEB,8.3,8.1,7,7.9,5,6.9,Passed,
SP2023,SP2023-class 2,5,1905AHBFEJ,8,8.1,8.6,8.2,4.4,7.1,Passed,
SP2023,SP2023-class 2,6,1905AGAFJG,0,0.6,0.2,0.4,0,0.2,Attendance Fail,
SP2023,SP2023-class 2,7,1905AGBEFC,9.8,9.7,9.8,9.5,6.8,8.8,Passed,
SP2023,SP2023-class 2,8,1905AHCEGI,7.8,8.3,8.7,8.3,6.8,7.9,Passed,
SP2023,SP2023-class 2,9,1905AGBEBI,9.8,9.5,9.8,9.5,8.4,9.2,Passed,
SP2023,SP2023-class 2,10,1905AGAIDD,6.3,6.5,5.7,6.3,4,5.5,Passed,
SP2023,SP2023-class 2,11,1905AHBAFF,9.8,9.4,9.2,9.3,8.2,9,Passed,
SP2023,SP2023-class 2,12,1905AHCBFF,6.8,7.2,7.1,7.1,5,6.4,Passed,
SP2023,SP2023-class 2,13,1905AGAEFB,6.5,8,6.2,7.3,6,6.7,Passed,
SP2023,SP2023-class 2,14,1905AGAEII,8.8,8.7,8.8,8.5,6.4,8,Passed,
SP2023,SP2023-class 2,15,1905AHCCDE,8.5,9.4,9.7,9.3,8.2,9,Passed,
SP2023,SP2023-class 2,16,1905AGAGGC,9,8.8,9.4,8.8,6,8.1,Passed,
SP2023,SP2023-class 2,17,1905AGBCEF,6.3,7.5,8.8,7.5,5.2,6.9,Passed,
SP2023,SP2023-class 2,18,1905AGBFIB,4.5,8.2,8.8,7.5,6.4,7.2,Passed,
SP2023,SP2023-class 2,19,1905AGAGCC,6.8,7.8,6.1,7.2,6.8,6.9,Passed,
SP2023,SP2023-class 2,20,1905AHCHCD,8.5,8.9,7.1,8.2,6.4,7.5,Passed,
SP2023,SP2023-class 2,21,1905AGBAIE,9.3,9.6,9.7,9.4,7.2,8.8,Passed,
SP2023,SP2023-class 2,22,1905AGBEBC,8.5,9.6,9.7,9.4,8.8,9.2,Passed,
SP2023,SP2023-class 2,23,1905AGBABF,8,8,7.9,7.8,5.2,7.1,Passed,
SP2023,SP2023-class 2,24,1905AGAGBJ,8,8.2,8.1,8.2,5.8,7.4,Passed,
SP2023,SP2023-class 2,25,1905AGBJCD,9.8,9.4,9.7,9.4,9.2,9.4,Passed,
SP2023,SP2023-class 2,26,1905AGBHGF,4.5,1.7,1.1,2.2,0,1.5,Attendance Fail,
SP2023,SP2023-class 2,27,1905AGJCEJ,2.5,1.2,0.7,1.4,0,0.9,Attendance Fail,
SP2023,SP2023-class 3,1,1905AHJJHC,7.3,9.6,10,10,7.8,9,Passed,
SP2023,SP2023-class 3,2,1905AHDAAG,9.5,9.5,10,8,6.8,8.3,Passed,
SP2023,SP2023-class 3,3,1905AHAEDF,6.9,9.2,10,7,7.2,7.9,Passed,
SP2023,SP2023-class 3,4,1905AHJJID,9.5,8.4,10,8,8,8.6,Passed,
SP2023,SP2023-class 3,5,1905AHJJCI,7.2,9.6,10,10,7,8.8,Passed,
SP2023,SP2023-class 3,6,1905AHCHEA,0,0,0,0,0,0,Attendance Fail,
SP2023,SP2023-class 3,7,1905AGCBEF,8.3,7.8,8,3,0,4.1,Not Passed,
SP2023,SP2023-class 3,8,1905AHAEEE,9.6,9.7,10,10,7.8,9.3,Passed,
SP2023,SP2023-class 3,9,1905AHAEBG,7.4,9.8,10,10,8.6,9.3,Passed,
SP2023,SP2023-class 3,10,1905AHJCAA,9.3,9.3,10,10,6.2,8.7,Passed,
SP2023,SP2023-class 3,11,1905AGCECG,6.7,2.4,10,1,0,3.2,Not Passed,
SP2023,SP2023-class 3,12,1905AGCACB,9.7,9.5,10,10,8.2,9.4,Passed,
SP2023,SP2023-class 3,13,1905AGCFEF,5.9,2.3,1,1,4,2.5,Not Passed,
SP2023,SP2023-class 3,14,1919AFJBJG,4.4,0.4,0,0,0,0.5,Attendance Fail,
SP2023,SP2023-class 3,15,1905AHBBHD,9.3,9.1,10,10,8,9.2,Passed,
SP2023,SP2023-class 3,16,1905AHJJHG,9.8,9.4,10,10,7,9,Passed,
SP2023,SP2023-class 3,17,1905AGCDCD,9.4,6.8,10,1,6.8,6,Passed,
SP2023,SP2023-class 3,18,1905AHEAJI,9.7,9.9,10,10,9,9.7,Passed,
SP2023,SP2023-class 3,19,1905AHAFJA,9.7,9.6,10,10,6.2,8.8,Passed,
SP2023,SP2023-class 3,20,1905AGCECH,7.4,6.6,10,6,6.6,7.2,Passed,
SP2023,SP2023-class 3,21,1905AGCEDB,0,0,0,0,0,0,Attendance Fail,
SP2023,SP2023-class 3,22,1905AHCHFI,9,9.7,10,8,7.8,8.6,Passed,
SP2023,SP2023-class 3,23,1905AHBBAI,9.4,9.2,10,10,7.4,9.1,Passed,
SP2023,SP2023-class 3,24,1905AHJJJG,9.8,9.6,10,10,7.8,9.3,Passed,
SP2023,SP2023-class 3,25,1905AHJJJB,7.4,9.2,10,10,6.8,8.7,Passed,
SP2023,SP2023-class 3,26,1905AGCDFD,9.8,9.9,10,10,9,9.7,Passed,
SP2023,SP2023-class 3,27,1905AHAHCC,7.4,9,10,10,5,8.1,Passed,
SP2023,SP2023-class 3,28,1905AHCICG,9.8,9.4,10,3,8.2,7.3,Passed,
SP2023,SP2023-class 3,29,1905AGCBIE,9.7,9.8,10,10,7.6,9.2,Passed,
SP2023,SP2023-class 3,30,1905AGCEIA,8.3,8.8,9,10,6.6,8.5,Passed,
SP2023,SP2023-class 4,1,1905AHBDGA,10,8.8,10,10,8.2,9.3,Passed,
SP2023,SP2023-class 4,2,1905AHBEFG,10,9.6,10,10,7.2,9.1,Passed,
SP2023,SP2023-class 4,3,1905AHBDID,7.5,8.8,9,8,6.6,7.8,Passed,
SP2023,SP2023-class 4,4,1905AHCCJA,9,10,10,5,8.6,8,Passed,
SP2023,SP2023-class 4,5,1905AHCADF,8.8,8,10,4,5.8,6.6,Passed,
SP2023,SP2023-class 4,6,1905AHCCJB,9.8,10,10,4,7,7.3,Passed,
SP2023,SP2023-class 4,7,1905AHCBAJ,9.5,9.8,10,9,7.8,9,Passed,
SP2023,SP2023-class 4,8,1905AHAHDB,9.8,9,10,5,7.8,7.7,Passed,
SP2023,SP2023-class 4,9,1905AHAHCG,9.8,9,9.5,7,8.2,8.3,Passed,
SP2023,SP2023-class 4,10,1905AHBGAA,10,10,9,7,7.2,8.1,Passed,
SP2023,SP2023-class 4,11,1905AHCJII,10,10,10,10,8,9.4,Passed,
SP2023,SP2023-class 4,12,1905AHCJJE,9.3,9,10,8,8.6,8.8,Passed,
SP2023,SP2023-class 4,13,1905AHCBHJ,9.3,8.8,9,5,5.6,6.8,Passed,
SP2023,SP2023-class 4,14,1905AHBHCG,9.3,8.8,10,10,6.6,8.8,Passed,
SP2023,SP2023-class 4,15,1905AHBHGJ,9,2.8,10,0,0,3.2,Attendance Fail,
SP2023,SP2023-class 4,16,1905AHJGCF,8.8,8.6,10,9,6.6,8.4,Passed,
SP2023,SP2023-class 4,17,1905AHAIFA,0,0,0,0,0,0,Attendance Fail,
SP2023,SP2023-class 4,18,1905AHBIJE,10,10,10,10,7.4,9.2,Passed,
SP2023,SP2023-class 4,19,1905AHBDJB,8.8,9.8,10,4,7.2,7.2,Passed,
SP2023,SP2023-class 4,20,1905AHBDCF,9.5,8.4,10,8,7.4,8.4,Passed,
SP2023,SP2023-class 4,21,1905AHBHHG,10,10,10,10,7.2,9.2,Passed,
SP2023,SP2023-class 4,22,1905AHCBBI,9.5,7.8,9.5,9,5.4,8,Passed,
SP2023,SP2023-class 4,23,1905AHDAFG,9.8,8.2,10,8,5.6,7.9,Passed,
SP2023,SP2023-class 4,24,1905AHBDAG,10,9,10,9,7.6,8.9,Passed,
SP2023,SP2023-class 4,25,1905AHCJGC,9.3,8.9,9.5,9,5.4,8,Passed,
SP2023,SP2023-class 4,26,1905AHJBJC,9.5,8.8,9.5,10,6.8,8.8,Passed,
SP2023,SP2023-class 4,27,1905AHCAEI,9.5,9.8,9,8,5,7.6,Passed,
SP2023,SP2023-class 4,28,1905AHCAGJ,9.5,9.2,10,6,5.8,7.4,Passed,
SP2023,SP2023-class 4,29,1905AHCJIB,9.8,10,10,6,8.6,8.4,Passed,
SP2023,SP2023-class 4,30,1905AHBDCJ,8.3,8.8,9.5,0,0,3.6,Not Passed,
SP2023,SP2023-class 4,31,1905AHBDAB,9.8,9,10,8,7.6,8.6,Passed,
SP2023,SP2023-class 4,32,1905AHCBDI,8.8,7.5,10,9,5.4,7.9,Passed,
SP2023,SP2023-class 5,1,1905AHEJCD,9.5,8.5,9.5,8,6.8,8.1,Passed,
SP2023,SP2023-class 5,2,1905AHCDFH,9.8,8.2,10,5,6.4,7.2,Passed,
SP2023,SP2023-class 5,3,1905AHCEEH,9.8,9.3,9.5,8,6.6,8.2,Passed,
SP2023,SP2023-class 5,4,1905AHCIGC,10,9.8,10,9,7.8,9,Passed,
SP2023,SP2023-class 5,5,1905AHDHHC,9.3,10,10,9,7.4,8.8,Passed,
SP2023,SP2023-class 5,6,1905AHCIIE,10,9.8,9.5,9,7.2,8.7,Passed,
SP2023,SP2023-class 5,7,1905AHDCJB,9.8,9,9.5,9,7.4,8.7,Passed,
SP2023,SP2023-class 5,8,1905AHCJJJ,9.3,9.8,10,7,8.2,8.5,Passed,
SP2023,SP2023-class 5,9,1905AHCCGC,9.5,8.6,9.5,10,7.4,8.9,Passed,
SP2023,SP2023-class 5,10,1905AHCJJA,9.3,10,10,10,6,8.7,Passed,
SP2023,SP2023-class 5,11,1905AHDJFC,10,10,9.5,3,7.4,7,Passed,
SP2023,SP2023-class 5,12,1905AHDAJB,9.3,9.2,9.5,5,5,6.7,Passed,
SP2023,SP2023-class 5,13,1905AHDAEC,7,7.1,5,0,0,2.4,Not Passed,
SP2023,SP2023-class 5,14,1905AHCCHF,8.3,9.2,9.5,6,5,6.9,Passed,
SP2023,SP2023-class 5,15,1905AHDHJI,9.5,8.9,10,5,6.4,7.3,Passed,
SP2023,SP2023-class 5,16,1905AHEABJ,9,8.1,10,4,6.8,7,Passed,
SP2023,SP2023-class 5,17,1905AHCDHF,9.8,9.8,9.5,10,8,9.3,Passed,
SP2023,SP2023-class 5,18,1905AHDHHB,9.8,9.8,10,5,8.4,8,Passed,
SP2023,SP2023-class 5,19,1905AHDHHF,8,9,5,3,6.4,5.5,Passed,
SP2023,SP2023-class 5,20,1905AHDCJC,7,9.4,10,4,6.4,6.8,Passed,
SP2023,SP2023-class 5,21,1905AHCCDB,7.5,9.5,10,8,6.4,8,Passed,
SP2023,SP2023-class 5,22,1905AHCBBB,7.5,6.6,9.5,3,6.4,6.1,Passed,
SP2023,SP2023-class 5,23,1905AHCFCA,10,9.4,9.5,10,7.8,9.2,Passed,
SP2023,SP2023-class 5,24,1905AHCCGI,0,1.5,0,0,0,0.2,Attendance Fail,
SP2023,SP2023-class 5,25,1905AHDFEA,9.5,7.8,9.5,5,5.8,6.9,Passed,
SP2023,SP2023-class 5,26,1905AHCGDF,9,9.2,10,8.5,7.4,8.6,Passed,
SP2023,SP2023-class 5,27,1905AHDACJ,9.5,9.8,10,5,5.8,7.2,Passed,
SP2023,SP2023-class 5,28,1905AHDFDE,9,7.3,9.5,6,6.4,7.3,Passed,
SP2023,SP2023-class 5,29,1905AHDHEF,9.3,9,9.5,6,6,7.3,Passed,
SP2023,SP2023-class 5,30,1905AGAEHC,10,9.8,10,9,7.6,9,Passed,
SP2023,SP2023-class 5,31,1905AHCGFI,9,8.6,9.5,9,6.2,8.2,Passed,
SP2024,SP2024-class 1,1,1905AHCJJF,9.7,9,9,10,8.2,9.1,Passed,
SP2024,SP2024-class 1,2,1905AHJADB,8,9.2,8,5,6,6.6,Passed,
SP2024,SP2024-class 1,3,1905AHJFCJ,9.5,8.8,7,7,7.2,7.5,Passed,
SP2024,SP2024-class 1,4,1905AHAGJJ,9.9,9.2,8,5,7.4,7.2,Passed,
SP2024,SP2024-class 1,5,1905AHJDHD,9.7,8.4,1,6,8.2,6.3,Passed,
SP2024,SP2024-class 1,6,1905AHJFJD,9.8,5.4,7,2,6.2,5.4,Passed,
SP2024,SP2024-class 1,7,1905AHAHBC,9.8,8.6,10,7,7.2,8.1,Passed,
SP2024,SP2024-class 1,8,1905AHJJAA,9.9,9.2,7,7,9.4,8.2,Passed,
SP2024,SP2024-class 1,9,1905AGBFDH,9.9,9.2,7,5,6.3,6.7,Passed,
SP2024,SP2024-class 1,10,1905AHJCGH,8.6,8.8,7,7,7.2,7.4,Passed,
SP2024,SP2024-class 1,11,1905AHBJIJ,9.1,8,8,4,7.8,6.8,Passed,
SP2024,SP2024-class 1,12,1705AHJBAE,8.9,9,1,0,0,2,Not Passed,
SP2024,SP2024-class 1,13,1905AHBBJB,8.9,5.6,7,4,6.2,5.9,Passed,
SP2024,SP2024-class 1,14,1905AHJCDD,8.8,8.6,1,10,8.8,7.6,Passed,
SP2024,SP2024-class 1,15,1905AHJJHF,9.8,8.8,7,7,7.2,7.5,Passed,
SP2024,SP2024-class 1,16,1905AHBBBH,9.3,6.6,10,10,8.8,9.2,Passed,
SP2024,SP2024-class 1,17,1905AHAEAH,8.7,8.6,7,6,6.6,6.9,Passed,
SP2024,SP2024-class 1,18,1905AGJBGA,9,8.6,8.5,3,6.2,6.2,Passed,
SP2024,SP2024-class 1,19,1905AHBJCE,9.1,8.8,1,3,9.6,5.8,Passed,
SP2024,SP2024-class 1,20,1905AHCJGE,9.1,6.6,7,5,6,6.3,Passed,
SP2024,SP2024-class 1,21,1905AHJDAF,9.7,9,10,10,9.4,9.7,Passed,
SP2024,SP2024-class 1,22,1905AHAIEJ,9.1,9,7,7,6.6,7.3,Passed,
SP2024,SP2024-class 1,23,1919AGJIIH,9.3,9,7,4,7.8,6.8,Passed,
SP2024,SP2024-class 1,24,1905AHJDDH,9.6,9,1,10,7.2,7.2,Passed,
SP2024,SP2024-class 1,25,1905AIBABF,8.3,9.6,8,7,7,7.6,Passed,
SP2024,SP2024-class 1,26,1905AHBJAF,9,8.4,1,0,0,1.9,Not Passed,
SP2024,SP2024-class 1,27,1905AHAEGA,9.3,9,7,10,6,8,Passed,
SP2024,SP2024-class 1,28,1905AHAGGG,9.5,8.8,7,7,6.6,7.3,Passed,
SP2024,SP2024-class 1,29,1905AHBJIB,9.5,8.6,7,6,7,7.1,Passed,
SP2024,SP2024-class 1,30,1705AHJAJG,8.7,2.6,0.5,10,7,6.3,Passed,
SP2024,SP2024-class 1,31,1905AHJCFE,9.6,8.4,7,4,5.6,6.1,Passed,
SP2024,SP2024-class 1,32,1905AHAHFE,9.9,8.6,8,10,7.6,8.7,Passed,
SP2024,SP2024-class 1,33,1905AHJGBA,0,0,0,0,0,0,Attendance Fail,
SP2024,SP2024-class 1,34,1905AHEJDC,9.3,9.4,10,7,8.2,8.4,Passed,
SP2024,SP2024-class 1,35,1905AHJJAD,9.5,8.4,6,5,7.8,6.8,Passed,
SP2024,SP2024-class 1,36,1905AHJJCF,9.3,6.8,1,2,0,2.4,Not Passed,
SP2024,SP2024-class 2,1,1905AHCCDA,7.6,6,7,2,5.9,5.1,Passed,
SP2024,SP2024-class 2,2,1905AHBGHB,7.2,10,6.5,6,6.8,6.9,Passed,
SP2024,SP2024-class 2,3,1905AHDBIB,7,10,5.3,7,8,7.2,Passed,
SP2024,SP2024-class 2,4,1905AHCBCF,7.2,10,3.5,2,7.8,5.4,Passed,
SP2024,SP2024-class 2,5,1905AHBCGD,4.4,8.5,4,10,7.6,7.4,Passed,
SP2024,SP2024-class 2,6,1905AHCCDJ,6.4,5.3,5,7,7.8,6.6,Passed,
SP2024,SP2024-class 2,7,1905AHCIAE,6.8,9.3,8,7,6.2,7.2,Passed,
SP2024,SP2024-class 2,8,1905AHCFGD,6,8,6.3,7,6.6,6.7,Passed,
SP2024,SP2024-class 2,9,1905AHBBEB,7.6,10,4.3,10,7.4,7.8,Passed,
SP2024,SP2024-class 2,10,1905AHAEHB,7.4,9.3,9.3,7,6.6,7.6,Passed,
SP2024,SP2024-class 2,11,1905AHCDIJ,7,7.3,3.5,4,7.8,5.7,Passed,
SP2024,SP2024-class 2,12,1905AHCAED,9.6,6.5,9,7,7,7.6,Passed,
SP2024,SP2024-class 2,13,1905AHBFGJ,7.4,10,10,10,6.2,8.6,Passed,
SP2024,SP2024-class 2,14,1905AHBBIF,7,10,4.3,4,6.8,5.8,Passed,
SP2024,SP2024-class 2,15,1905AGCFEF,8.8,7.5,6,2,6.6,5.4,Passed,
SP2024,SP2024-class 2,16,1905AHCDFJ,8,6,9,10,8.4,8.7,Passed,
SP2024,SP2024-class 2,17,1905AHCBIG,9.4,10,9.8,10,8.4,9.4,Passed,
SP2024,SP2024-class 2,18,1905AHBGAE,8,10,4.5,7,6,6.6,Passed,
SP2024,SP2024-class 2,19,1905AICCHJ,7.6,5.3,5,3,0,3.2,Not Passed,
SP2024,SP2024-class 2,20,1905AHCBAF,6,10,10,4,7.6,7.1,Passed,
SP2024,SP2024-class 2,21,1905AHBBHI,4.2,10,5.5,7,6.1,6.4,Passed,
SP2024,SP2024-class 2,22,1905AHDHCI,9.6,8.5,6,7,6.2,7,Passed,
SP2024,SP2024-class 2,23,1905AHCEGE,6.4,10,5.3,10,5,7.2,Passed,
SP2024,SP2024-class 2,24,1905AHBEAG,5.8,10,3.5,7,7.8,6.7,Passed,
SP2024,SP2024-class 2,25,1905AHCFDD,8.2,9.3,7.8,5,8.2,7.3,Passed,
SP2024,SP2024-class 2,26,1905AHBBED,0,0,0,0,0,0,Attendance Fail,
SP2024,SP2024-class 2,27,1905AHBGAF,8.4,10,4.5,0,0,2.7,Not Passed,
SP2024,SP2024-class 2,28,1905AHJCHG,7.8,10,8,10,8,8.8,Passed,
SP2024,SP2024-class 2,29,1905AHBHHJ,8.6,6,9,10,5.4,7.9,Passed,
SP2024,SP2024-class 2,30,1905AHBHGG,4.6,10,5.5,10,8.6,8.1,Passed,
SP2024,SP2024-class 2,31,1905AHCAFF,4.4,9.3,4.3,7,6.2,6.2,Passed,
SP2024,SP2024-class 2,32,1905AHCAJH,8.2,10,5,7,6.6,6.9,Passed,
SP2024,SP2024-class 2,33,1905AHBDEH,5.8,6,6.8,7,5.4,6.2,Passed,
SP2024,SP2024-class 2,34,1905AHJBDI,8.7,9.3,10,10,9,9.5,Passed,
SP2024,SP2024-class 2,35,1905AGJCEJ,0,0,0,0,0,0,Attendance Fail,
SP2024,SP2024-class 3,1,1905AIJGHH,3.5,2.7,3.5,5,0,2.8,Not Passed,
SP2024,SP2024-class 3,2,1905AIJEAB,8.5,6.5,8.5,5,7,6.8,Passed,
SP2024,SP2024-class 3,3,1905AHEJFJ,4,4,4,5,9.2,5.9,Passed,
SP2024,SP2024-class 3,4,1905AIBJEI,7,4.6,7,5,6,5.9,Passed,
SP2024,SP2024-class 3,5,1905AHCJCH,4,3.2,4,10,5.8,6.3,Passed,
SP2024,SP2024-class 3,6,1905AIJFDI,10,9.7,10,5,7,7.6,Passed,
SP2024,SP2024-class 3,7,1905AHDFIC,10,8,10,10,8.2,9.3,Passed,
SP2024,SP2024-class 3,8,1905AIBJIC,0,0,0,0,0,0,Not Passed,
SP2024,SP2024-class 3,9,1905AHDFCD,10,9.5,10,8,7.2,8.5,Passed,
SP2024,SP2024-class 3,10,1905AIJGEB,10,9.7,10,10,9.6,9.9,Passed,
SP2024,SP2024-class 3,11,1905AIBJFJ,10,8.9,10,2,4.8,5.9,Passed,
SP2024,SP2024-class 3,12,1905AHDEIH,10,9.4,10,10,8.8,9.6,Passed,
SP2024,SP2024-class 3,13,1905AIJEAH,10,9.5,10,10,7.8,9.3,Passed,
SP2024,SP2024-class 3,14,1905AHAEJF,10,7.8,10,5,7.6,7.6,Passed,
SP2024,SP2024-class 3,15,1905AGCCDB,0,0,0,0,0,0,Attendance Fail,
SP2024,SP2024-class 3,16,1905AIDGCJ,9,6.2,9,1,5.6,5.3,Passed,
SP2024,SP2024-class 3,17,1905AHDCDF,7,6,7,7,7.4,7,Passed,
SP2024,SP2024-class 3,18,1905AIJEBE,10,10,10,10,9.6,9.9,Passed,
SP2024,SP2024-class 3,19,1905AIJEHG,10,8.2,10,7,7.2,8.1,Passed,
SP2024,SP2024-class 3,20,1905AHEJJJ,10,7.6,10,0,0,3.8,Is Susspended,
SP2024,SP2024-class 3,21,1905AIJBCF,9,8.6,9,8,5,7.5,Passed,
SP2024,SP2024-class 3,22,1905AGAEDG,0,0,0,0,0,0,Attendance Fail,
SP2024,SP2024-class 3,23,1905AHDGDD,8,6.3,8,5,8.2,7,Passed,
SP2024,SP2024-class 3,24,1905AIDBHF,10,9.7,10,10,7,9.1,Passed,
SP2024,SP2024-class 3,25,1905AHDIAD,10,9,10,10,8.2,9.4,Passed,
SP2024,SP2024-class 3,26,1905AIJGCE,10,9.6,10,7,7.4,8.3,Passed,
SP2024,SP2024-class 3,27,1905AHDABC,10,9.1,10,6,6.6,7.7,Passed,
SP2024,SP2024-class 3,28,1905AHDIGG,0,0,0,0,0,0,Attendance Fail,
SP2024,SP2024-class 3,29,1905AIJBFF,5.5,5.1,5.5,7,8.2,6.7,Passed,
SP2024,SP2024-class 3,30,1905AIJAFH,10,9.4,10,10,0,6.9,Not Passed,
SP2024,SP2024-class 3,31,1905AHDEFB,10,9.5,10,0,8.2,6.4,Not Passed,
SP2024,SP2024-class 3,32,1905AHDJHH,10,8.1,10,8,6.2,8.1,Passed,
SP2024,SP2024-class 3,33,1905AHDDGE,8.5,7.7,8.5,7,6.6,7.4,Passed,
SP2024,SP2024-class 3,34,1905AHDIIB,5,4,5,5,0,3.4,Not Passed,
SP2024,SP2024-class 3,35,1905AIBJII,0,0,0,0,0,0,Attendance Fail,
SP2024,SP2024-class 4,1,1905AIBAEH,4.9,6,4,4,7.6,5.4,Passed,
SP2024,SP2024-class 4,2,1905AIBFBD,9.8,9,9,10,6.6,8.7,Passed,
SP2024,SP2024-class 4,3,1905AIBADI,9.1,9.6,6,7,5.8,6.9,Passed,
SP2024,SP2024-class 4,4,1905AIBBDC,9.8,9.7,7,10,9.2,9.1,Passed,
SP2024,SP2024-class 4,5,1905AIBEEI,5.2,4.2,5,2,5,4,Not Passed,
SP2024,SP2024-class 4,6,1905AIBHAC,9.3,10,10,10,8.8,9.6,Passed,
SP2024,SP2024-class 4,7,1905AIBDHH,5.3,5.8,6,5,4.8,5.2,Passed,
SP2024,SP2024-class 4,8,1905AIDDJE,5.2,8.8,3,7,7,6.2,Passed,
SP2024,SP2024-class 4,9,1905AIBDDF,9.7,9.4,6,10,7,8.2,Passed,
SP2024,SP2024-class 4,10,1905AIBACG,9.9,8,7,10,8.2,8.7,Passed,
SP2024,SP2024-class 4,11,1905AIBEJA,9.8,6.6,7.5,2,7.2,5.9,Passed,
SP2024,SP2024-class 4,12,1905AIBGGG,9.3,9.4,5.5,7,6,6.9,Passed,
SP2024,SP2024-class 4,13,1905AIBFDI,8.7,8.8,5,7,6.4,6.8,Passed,
SP2024,SP2024-class 4,14,1905AIBCAJ,4.9,6,4,7,5.6,5.7,Passed,
SP2024,SP2024-class 4,15,1905AIBGHB,9.3,9.8,7,9,8.6,8.6,Passed,
SP2024,SP2024-class 4,16,1905AIBEIE,1,1,8,0,5.5,3.5,Not Passed,
SP2024,SP2024-class 4,17,1905AIBGHE,9.3,9.8,5,7,5.8,6.7,Passed,
SP2024,SP2024-class 4,18,1905AIBCIF,9.1,7.8,7,10,6.6,8.1,Passed,
SP2024,SP2024-class 4,19,1905AIBEBJ,9.7,10,9,10,8.6,9.3,Passed,
SP2024,SP2024-class 4,20,1905AIBDEB,9.3,1,1,0,0,1.2,Not Passed,
SP2024,SP2024-class 4,21,1905AIBHCA,1,1,5,5,3.8,3.8,Not Passed,
SP2024,SP2024-class 4,22,1905AIBBJI,5.5,6.7,7,7,4.8,6.2,Passed,
SP2024,SP2024-class 4,23,1905AIBGDH,9.8,8.2,10,10,7.6,9.1,Passed,
SP2024,SP2024-class 4,24,1905AIBAFB,10,10,10,10,8,9.4,Passed,
SP2024,SP2024-class 4,25,1905AIBGJD,9.3,4.2,1,4,6.7,4.8,Not Passed,
SP2024,SP2024-class 4,26,1905AIBHFC,8.8,9.2,5,10,6.6,7.8,Passed,
SP2024,SP2024-class 4,27,1905AIBHEF,1,7.2,3,2,5.3,3.6,Not Passed,
SP2024,SP2024-class 4,28,1905AIBDFJ,9.3,6,5,5,6,5.8,Passed,
SP2024,SP2024-class 4,29,1905AIBBDB,10,9.7,8,10,8.8,9.2,Passed,
SP2024,SP2024-class 4,30,1905AIBIAC,10,10,8,10,8.4,9.1,Passed,
SP2024,SP2024-class 4,31,1905AIBCJG,8.4,5.7,1,7,5.2,5.3,Passed,
SP2024,SP2024-class 4,32,1905AIBBBJ,9.8,10,7,7,8.2,7.9,Passed,
SP2024,SP2024-class 4,33,1905AIBEFG,9.4,8.3,5,1,6.4,5,Passed,
SP2024,SP2024-class 4,34,1905AHBGIG,9.8,9.3,5,10,7.4,8.1,Passed,
SP2024,SP2024-class 4,35,1905AIBIGC,9.8,9.4,5,7,8.4,7.5,Passed,
SP2024,SP2024-class 4,36,1905AIBBDD,8.1,5.6,1,7,5.2,5.2,Passed,
SP2024,SP2024-class 5,1,1905AICAGA,10,6.6,7.5,2,6.6,5.7,Passed,
SP2024,SP2024-class 5,2,1905AICGBF,9.3,9,9,10,9.4,9.4,Passed,
SP2024,SP2024-class 5,3,1905AICEJG,6.8,6.3,8.5,2,8.6,6.2,Passed,
SP2024,SP2024-class 5,4,1905AICHFH,9.8,4.3,9,5,6,6.5,Passed,
SP2024,SP2024-class 5,5,1905AIDJDF,8.8,6.3,8,5,8,7,Passed,
SP2024,SP2024-class 5,6,1905AICJFE,10,8.6,9,7,9,8.5,Passed,
SP2024,SP2024-class 5,7,1905AIDAAI,9.3,9,9,10,8.8,9.3,Passed,
SP2024,SP2024-class 5,8,1905AIDJFJ,9,9.1,9.3,5,7.6,7.4,Passed,
SP2024,SP2024-class 5,9,1905AICFDB,9,8,8.5,2,6,5.8,Passed,
SP2024,SP2024-class 5,10,1905AICAHB,10,9.8,9.5,10,8.6,9.5,Passed,
SP2024,SP2024-class 5,11,1905AICHHJ,8,3.8,8.8,0,0,2.9,Not Passed,
SP2024,SP2024-class 5,12,1905AICCBI,9.3,9.7,8.5,0,5.6,5.3,Not Passed,
SP2024,SP2024-class 5,13,1905AICJIA,9.3,8.6,8.8,0,0,3.5,Not Passed,
SP2024,SP2024-class 5,14,1905AIDJEJ,7.8,3.2,0,0,0,1.1,Attendance Fail,
SP2024,SP2024-class 5,15,1905AICGEA,0,1.6,0,0,0,0.2,Attendance Fail,
SP2024,SP2024-class 5,16,1905AICFDI,9.8,9.8,9,5,7.4,7.5,Passed,
SP2024,SP2024-class 5,17,1905AICFFF,8.3,9.4,9,10,7.6,8.8,Passed,
SP2024,SP2024-class 5,18,1905AICBDF,8.3,9.2,8.8,7,8,8,Passed,
SP2024,SP2024-class 5,19,1905AICJBH,10,9.8,8.3,7,6.8,7.8,Passed,
SP2024,SP2024-class 5,20,1905AICADG,0,0,0,0,0,0,Attendance Fail,
SP2024,SP2024-class 5,21,1905AICHDJ,8,8.8,8.8,10,7.4,8.7,Passed,
SP2024,SP2024-class 5,22,1905AICJFD,9.8,9.6,8.3,8,7.8,8.3,Passed,
SP2024,SP2024-class 5,23,1905AICFEJ,9.3,4.5,4.5,0,0,2.3,Not Passed,
SP2024,SP2024-class 5,24,1905AICJFJ,8.5,8.1,9,10,7,8.6,Passed,
SP2024,SP2024-class 5,25,1905AHDBHC,9.3,8.8,8.5,0,0,3.5,Not Passed,
SP2024,SP2024-class 5,26,1905AICDHD,9.5,10,8.5,6,6.8,7.5,Passed,
SP2024,SP2024-class 5,27,1905AICHGB,9.5,9,8.5,5,6.6,7,Passed,
SP2024,SP2024-class 5,28,1905AICHDB,9.5,9,8.8,10,7.6,8.9,Passed,
SP2024,SP2024-class 5,29,1905AICACD,9.3,9.6,8.8,10,8.6,9.2,Passed,
SP2024,SP2024-class 5,30,1905AICGBG,9,9.5,9.5,5,6.4,7.2,Passed,
SP2024,SP2024-class 5,31,1905AICCEJ,8.3,7.1,8,0,0,3.1,Not Passed,
SP2024,SP2024-class 5,32,1705AHJJFB,9.8,7.8,7.5,7,6,7.2,Passed,
SP2024,SP2024-class 5,33,1905AICDAD,9.8,9.6,8.5,10,6.8,8.7,Passed,
SP2024,SP2024-class 5,34,1905AIDAEH,8.5,8,8,0,0,3.3,Not Passed,
SP2024,SP2024-class 6,1,1905AIFHEE,9.5,8.8,9,10,8.8,9.3,Passed,
SP2024,SP2024-class 6,2,1905AIDBGB,9.5,9.1,9.3,10,7,8.8,Passed,
SP2024,SP2024-class 6,3,1905AIFDCF,9.8,10,9.5,10,9.2,9.6,Passed,
SP2024,SP2024-class 6,4,1905AIFBCG,0,5.8,0,0,0,0.6,Attendance Fail,
SP2024,SP2024-class 6,5,1905AIDHGA,9.3,7.9,6.5,5,7.8,6.9,Passed,
SP2024,SP2024-class 6,6,1905AICBGE,9.5,10,9,10,9.4,9.6,Passed,
SP2024,SP2024-class 6,7,1905AIDCBG,9,8.2,9,0,6.8,5.6,Not Passed,
SP2024,SP2024-class 6,8,1905AHDCHD,7.8,9.6,9.3,10,7,8.7,Passed,
SP2024,SP2024-class 6,9,1905AIFBHG,10,9.4,9,5,6.4,7.2,Passed,
SP2024,SP2024-class 6,10,1905AIFBFA,8.5,9.6,8.8,10,7.4,8.8,Passed,
SP2024,SP2024-class 6,11,1905AIDIDF,9,8.6,9,10,6.6,8.5,Passed,
SP2024,SP2024-class 6,12,1905AIDBAF,9.3,7.8,8.5,7,7.6,7.8,Passed,
SP2024,SP2024-class 6,13,1905AIDEEE,10,9.6,7.8,7,5.8,7.4,Passed,
SP2024,SP2024-class 6,14,1905AIDBBG,8.3,8.2,8.5,0,2.8,4.2,Not Passed,
SP2024,SP2024-class 6,15,1905AIDDDG,9.3,9.6,9.3,5,6.6,7.2,Passed,
SP2024,SP2024-class 6,16,1905AIFHFB,10,7.9,7,7,6.2,7.2,Passed,
SP2024,SP2024-class 6,17,1905AIFCBF,0,0,0,0,0,0,Attendance Fail,
SP2024,SP2024-class 6,18,1905AIFCJE,9.3,8.9,7,10,7.8,8.6,Passed,
SP2024,SP2024-class 6,19,1905AIFEAE,9.5,9.8,9,9,7.8,8.8,Passed,
SP2024,SP2024-class 6,20,1905AIDHDC,9.8,9,7.5,10,8,8.8,Passed,
SP2024,SP2024-class 6,21,1905AIDEIB,9.8,9.2,8,10,8.6,9.1,Passed,
SP2024,SP2024-class 6,22,1905AIJJEA,9.8,10,8.5,7,7.8,8.1,Passed,
SP2024,SP2024-class 6,23,1905AICAII,9,8.6,8.8,4,6,6.5,Passed,
SP2024,SP2024-class 6,24,1905AIDICH,6.8,7.6,8.8,3,5,5.6,Passed,
SP2024,SP2024-class 6,25,1905AIFBAC,9.5,9,8.3,6,6.4,7.2,Passed,
SP2024,SP2024-class 6,26,1905AIFBIC,9.5,8.6,8,5,7.8,7.3,Passed,
SP2024,SP2024-class 6,27,1905AIDEFA,9.8,9.6,9,7,6.6,7.8,Passed,
SP2024,SP2024-class 6,28,1905AIDCDC,10,9,8.8,7,7.4,8,Passed,
SP2024,SP2024-class 6,29,1905AIFEIE,9.8,9.8,7,10,8.2,8.8,Passed,
SP2024,SP2024-class 6,30,1905AIFDDD,10,9.8,9,7,8.2,8.3,Passed,
SP2024,SP2024-class 6,31,1905AIDCDB,9.3,9.4,9.3,10,7.8,9.1,Passed,
SP2024,SP2024-class 6,32,1905AIDFEA,7.8,7.1,9,6,6.8,7.1,Passed,
SP2024,SP2024-class 6,33,1905AIFFIA,9.5,7.1,6.5,0,6.8,5,Not Passed,
SP2024,SP2024-class 6,34,1905AIDBEG,9.5,7.6,8.5,8,6,7.6,Passed,
SP2024,SP2024-class 6,35,1905AIDAIG,8.8,9.6,8.5,10,8.6,9.1,Passed,
SP2025,SP2025-class 1,1,1905AIJGAH,9.6,10,,1,7.6,6.1,Passed,7
SP2025,SP2025-class 1,2,1905AIJGHG,9.4,9.4,,5.5,8.2,7.8,Passed,9
SP2025,SP2025-class 1,3,1905AIJGHI,9.6,10,,5,8.2,7.9,Passed,10
SP2025,SP2025-class 1,4,1905AIAJCB,9.5,8.8,,3,8.2,6.4,Passed,5
SP2025,SP2025-class 1,5,1905AIJAGB,9.2,9.8,,0,0,3.4,Not Passed,7
SP2025,SP2025-class 1,6,1905AIJCAJ,8.9,10,,3.5,5.2,6.1,Passed,8
SP2025,SP2025-class 1,7,1905AIJFGB,9.9,10,,10,6.6,9,Passed,10
SP2025,SP2025-class 1,8,1905AICGGC,8.9,9.4,,1,8.8,6.3,Passed,7
SP2025,SP2025-class 1,9,1905AIBDEH,9.9,10,,10,9.4,9.8,Passed,10
SP2025,SP2025-class 1,10,1905AHDDFE,0,0,,0,0,0,Attendance Fail,0
SP2025,SP2025-class 1,11,1905AIAJEA,9.5,9.4,,7,6.8,7.6,Passed,7
SP2025,SP2025-class 1,12,1905AIJJDA,9.9,9.4,,3.5,6.6,6.6,Passed,8
SP2025,SP2025-class 1,13,1905AIAJCI,9.2,10,,2.5,7.4,6.4,Passed,7
SP2025,SP2025-class 1,14,1905AIJBBB,9.2,10,,10,9.4,9.6,Passed,9
SP2025,SP2025-class 1,15,1905AIJAHF,9.7,9.5,,4.5,6.6,6.5,Passed,5
SP2025,SP2025-class 1,16,1905AIJACC,8.7,9.7,,0.5,7,5.7,Passed,8
SP2025,SP2025-class 1,17,1905AIJJFJ,9.6,10,,7,8.6,8.5,Passed,9
SP2025,SP2025-class 1,18,1905AIJAHI,9.9,10,,3.5,8,6.7,Passed,5
SP2025,SP2025-class 1,19,1905AIJEIE,9.6,9.5,,6.5,7.2,7.5,Passed,7
SP2025,SP2025-class 1,20,1905AIJGIJ,9.6,10,,4.5,6.8,6.9,Passed,7
SP2025,SP2025-class 1,21,1905AIBJFE,9.5,9.8,,10,9.8,9.8,Passed,10
SP2025,SP2025-class 1,22,1905AIJAAG,9.7,10,,9.5,8,9.1,Passed,9
SP2025,SP2025-class 1,23,1905AIJJGB,10,10,,3.5,9.6,7.8,Passed,9
SP2025,SP2025-class 1,24,1905BJCACJ,10,9.3,,7.5,7.4,8.3,Passed,9
SP2025,SP2025-class 1,25,1905AIAACI,9.9,10,,10,7.8,9.2,Passed,9
SP2025,SP2025-class 1,26,1905AIBCJC,9.9,10,,10,9.8,9.8,Passed,9
SP2025,SP2025-class 1,27,1905AIJBEJ,9.9,10,,10,9.2,9.7,Passed,10
SP2025,SP2025-class 1,28,1905AIJJAF,9.4,10,,6,8.2,7.7,Passed,7
SP2025,SP2025-class 1,29,1905AICJCC,4.5,8,,0,0,1.6,Attendance Fail,1
SP2025,SP2025-class 1,30,1905AIDBDH,9.4,10,,7,9,8.3,Passed,7
SP2025,SP2025-class 1,31,1905AIJAEG,9.2,10,,7,8.4,8.2,Passed,8
SP2025,SP2025-class 1,32,1905AIJIGJ,9.7,10,,10,8.8,9.1,Passed,7
SP2025,SP2025-class 1,33,1905AIAJFD,9.4,10,,0.5,8.6,5.9,Passed,5
SP2025,SP2025-class 1,34,1905AIJBIB,9.4,9.6,,8,7.4,8.5,Passed,10
SP2025,SP2025-class 2,1,1905AIJGHH,8.4,10,,7,7,7.7,Passed,8
SP2025,SP2025-class 2,2,1905AIBEGA,9.4,10,,2.5,8,6.6,Passed,7
SP2025,SP2025-class 2,3,1905AIBGIJ,9.9,10,,10,7.8,9.3,Passed,10
SP2025,SP2025-class 2,4,1905AICGCC,9.2,9.1,,0.5,6.8,4.5,Not Passed,0
SP2025,SP2025-class 2,5,1905AIBGDJ,4.7,6.8,,0,0,1.4,Attendance Fail,0
SP2025,SP2025-class 2,6,1905AICDEA,9.6,10,,0,8.4,6.2,Not Passed,8
SP2025,SP2025-class 2,7,1905AIBHHD,9.4,9.8,,0,7.2,5.4,Not Passed,6
SP2025,SP2025-class 2,8,1905AIBIAF,7.7,9.8,,8,7.2,7.9,Passed,8
SP2025,SP2025-class 2,9,1905AIDBJA,8.4,9.8,,7,8.6,8.1,Passed,8
SP2025,SP2025-class 2,10,1905AICHGF,9.6,10,,10,7.4,9.2,Passed,10
SP2025,SP2025-class 2,11,1905AICIHB,4.7,6.9,,7,6.8,6.3,Passed,5
SP2025,SP2025-class 2,12,1905AIBIBA,0,7.4,,0,0,0.7,Not Passed,0
SP2025,SP2025-class 2,13,1905AICCEG,0,0,,0,0,0,Attendance Fail,0
SP2025,SP2025-class 2,14,1905AIDDDH,8.2,9.8,,7,5.8,7,Passed,6
SP2025,SP2025-class 2,15,1905AIJCAH,4.2,7.5,,0,0,1.4,Attendance Fail,0
SP2025,SP2025-class 2,16,1905AIDJJC,0,0,,0,0,0,Attendance Fail,0
SP2025,SP2025-class 2,17,1905AIDADI,4.7,10,,0,7,4.7,Not Passed,6
SP2025,SP2025-class 2,18,1905AIBCAE,9.2,10,,4,5,6,Passed,6
SP2025,SP2025-class 2,19,1905AIFFGD,8.9,9.6,,3.5,6.4,6.5,Passed,8
SP2025,SP2025-class 2,20,1905AICGHJ,9.1,10,,1.5,8,6.4,Passed,8
SP2025,SP2025-class 2,21,1905AICIGJ,9.6,9.4,,0,6.8,5.6,Not Passed,8
SP2025,SP2025-class 2,22,1905AGAGFG,9.6,8.1,,0,4.6,3.6,Not Passed,0
SP2025,SP2025-class 2,23,1905AICDGI,10,9.8,,3.5,8,7,Passed,7
SP2025,SP2025-class 2,24,1905AICJDA,8.5,9.8,,7,6,7.7,Passed,10
SP2025,SP2025-class 2,25,1905AIDBAI,8.6,9.4,,2,5.6,5.3,Passed,5
SP2025,SP2025-class 2,26,1905AIBIFJ,8.2,10,,7,7.6,8.1,Passed,10
SP2025,SP2025-class 2,27,1905AIDJFA,0,0,,0,0,0,Attendance Fail,0
SP2025,SP2025-class 2,28,1905AICIFC,9.5,9.6,,8,8.6,8.4,Passed,7
SP2025,SP2025-class 2,29,1905AICHFG,8.1,9.8,,2,8.2,6.4,Passed,8
SP2025,SP2025-class 2,30,1905AGBECE,8.1,9.3,,4,6.6,6.5,Passed,8
SP2025,SP2025-class 2,31,1905AIBEHF,8.1,9.1,,0,7.2,4.3,Not Passed,0
SP2025,SP2025-class 2,32,1905BJAHIE,10,10,,10,9.2,9.8,Passed,10
SP2025,SP2025-class 3,1,1905AICCHA,8.4,10,,10,8.2,9.1,Passed,9
SP2025,SP2025-class 3,2,1905BJJFBD,9.6,9.4,,9.5,7,8.6,Passed,8.5
SP2025,SP2025-class 3,3,1905AIFBBH,9.6,10,,10,9.2,9.5,Passed,8.5
SP2025,SP2025-class 3,4,1905AIDCAH,7.4,9.2,,7.5,8.2,7.6,Passed,6
SP2025,SP2025-class 3,5,1905AIBCGJ,7.8,9.6,,3,8,6.7,Passed,8.5
SP2025,SP2025-class 3,6,1905AIBGHJ,7.9,7,,0,0,3.2,Not Passed,9
SP2025,SP2025-class 3,7,1905BJJJDB,8.9,9.6,,10,5.2,8.2,Passed,9
SP2025,SP2025-class 3,8,1905AIDDGI,7.5,2.2,,5,5,5.7,Passed,9
SP2025,SP2025-class 3,9,1905AIJGEF,8.4,5.4,,5,5.2,6.2,Passed,9
SP2025,SP2025-class 3,10,1905AIFDFJ,8.1,7.2,,1.5,6.2,5.4,Passed,7.5
SP2025,SP2025-class 3,11,1905AIDCGB,8.6,8,,8,8,8,Passed,7.5
SP2025,SP2025-class 3,12,1905AIFDFA,9.9,9.6,,9.5,6,8.2,Passed,7.5
SP2025,SP2025-class 3,13,1905AIBEIE,7.6,9.2,,2.5,5,5.4,Passed,7.5
SP2025,SP2025-class 3,14,1905BJJEIA,8.6,9,,3.5,7.2,6.7,Passed,9
SP2025,SP2025-class 3,15,1905BJJGJB,7.3,9.4,,7,7.2,7.4,Passed,7.5
SP2025,SP2025-class 3,16,1905AIFDDF,9.9,8.4,,4.5,6.4,6.9,Passed,8.5
SP2025,SP2025-class 3,17,1905AIFDFC,8.4,8.8,,1,6.8,5.6,Passed,7.5
SP2025,SP2025-class 3,18,1905BJJJFD,8.8,9.8,,10,8,9,Passed,8.5
SP2025,SP2025-class 3,19,1905BJJEBF,9.9,10,,10,8.4,9.5,Passed,10
SP2025,SP2025-class 3,20,1905BJCJCB,10,10,,10,8.4,9.5,Passed,9.6
SP2025,SP2025-class 3,21,1905AIFBHH,7.9,8.6,,7,6.8,7.5,Passed,8.5
SP2025,SP2025-class 3,22,1905BJAJBC,10,10,,9.5,7.8,9,Passed,9
SP2025,SP2025-class 3,23,1905BJJJHF,9.1,9.4,,5.5,7,7.3,Passed,8.5
SP2025,SP2025-class 3,24,1905AIDGAB,9.4,10,,8.5,8.2,8.7,Passed,8.5
SP2025,SP2025-class 3,25,1905AICGJF,6.9,9.4,,6.5,6.6,7.2,Passed,8.5
SP2025,SP2025-class 3,26,1905BJJIJA,8.3,9.6,,10,8.4,7.9,Passed,1
SP2025,SP2025-class 3,27,1905AIFDEG,8.6,9.6,,6,6.2,7.2,Passed,8.5
SP2025,SP2025-class 3,28,1905AIFDDA,8.6,8.6,,2.5,6.2,5.9,Passed,7.5
SP2025,SP2025-class 3,29,1905BJJEEG,6.3,9.2,,5.5,6.8,6.7,Passed,7.5
SP2025,SP2025-class 3,30,1905AIJFDB,9.6,7,,7,6.8,7.6,Passed,9
SP2025,SP2025-class 3,31,1905AIDEGH,8.4,9,,6,7.6,7.5,Passed,8.5
SP2025,SP2025-class 3,32,1905AHJJHH,9.2,9.2,,7,8,8.3,Passed,10
SP2025,SP2025-class 3,33,1905BJJEFI,8.7,8.6,,3,5.4,5.4,Passed,5
SP2025,SP2025-class 3,34,1905AIFFCD,7.8,10,,3.5,8.4,7.1,Passed,9
SP2025,SP2025-class 3,35,1905BJJJJC,8.5,8.8,,5.5,6.2,7,Passed,9
SP2025,SP2025-class 4,1,1905BJAFGF,9.4,9.4,,10,7.8,8.1,Passed,3
SP2025,SP2025-class 4,2,1905BJCDIE,9.8,9.6,,10,8,9.3,Passed,10
SP2025,SP2025-class 4,3,1905BJCAIJ,9.1,5,,10,8.4,7.8,Passed,3
SP2025,SP2025-class 4,4,1905BJCAJC,9.8,9,,8,7,7.3,Passed,3
SP2025,SP2025-class 4,5,1905BJAHBG,9.6,6.4,,7,7.4,7.3,Passed,6
SP2025,SP2025-class 4,6,1905BJCEHI,9.9,10,,10,9.4,9.7,Passed,9
SP2025,SP2025-class 4,7,1905BJCEHC,9.9,10,,0,0,2.9,Is Susspended,3
SP2025,SP2025-class 4,8,1905BJAGGF,8.9,9.5,,6,6.4,6.4,Passed,3
SP2025,SP2025-class 4,9,1905AHCHCE,9.9,9.4,,10,9.8,8.8,Passed,3
SP2025,SP2025-class 4,10,1905BJCJGH,5.2,6.6,,2.5,6.8,5.1,Passed,6
SP2025,SP2025-class 4,11,1905BJAHCE,9.3,6,,6.5,8.2,7.4,Passed,7
SP2025,SP2025-class 4,12,1905BJCCFC,8.4,9.4,,8,7.8,7.4,Passed,3
SP2025,SP2025-class 4,13,1905BJCEFB,8.5,7.5,,6,8.4,6.8,Passed,3
SP2025,SP2025-class 4,14,1905BJCAGB,10,10,,10,9,9.6,Passed,9
SP2025,SP2025-class 4,15,1905BJCJEB,10,5.7,,7,8.2,8,Passed,9
SP2025,SP2025-class 4,16,1905BJCIHI,9.6,8.2,,8,8.4,7.6,Passed,3
SP2025,SP2025-class 4,17,1905BJAHFJ,9.8,9.2,,5,9,7.2,Passed,4
SP2025,SP2025-class 4,18,1905BJCEGH,5.4,4.6,,6,7,5.6,Passed,3
SP2025,SP2025-class 4,19,1905BJCCEG,9.1,4.6,,10,7.8,7.8,Passed,4
SP2025,SP2025-class 4,20,1905BJJIFA,9.8,7.8,,7.5,9,8.7,Passed,10
SP2025,SP2025-class 4,21,1905BJCBHD,1,6.2,,6,7.4,6.3,Passed,10
SP2025,SP2025-class 4,22,1905BJADBG,4.2,1,,0,6.2,3,Not Passed,3
SP2025,SP2025-class 4,23,1905BJADEA,9.1,8.6,,5,7.6,6.8,Passed,5
SP2025,SP2025-class 4,24,1905BJCAAI,9.6,7.4,,8,8,7.9,Passed,6
SP2025,SP2025-class 4,25,1905BJCCJJ,8.6,2.8,,0,5.8,4.2,Not Passed,6
SP2025,SP2025-class 4,26,1905BJCEHJ,9.9,10,,8,9.6,8.9,Passed,7.5
SP2025,SP2025-class 4,27,1905BJADFE,9.6,6.6,,10,9.4,9.4,Passed,10
SP2025,SP2025-class 4,28,1905BJBJFF,8.9,8.4,,9,10,8.3,Passed,3
SP2025,SP2025-class 4,29,1905BJCJED,10,10,,10,10,9.7,Passed,8
SP2025,SP2025-class 4,30,1905BJCAIG,9.1,7.2,,7,6.6,7.2,Passed,7
SP2025,SP2025-class 4,31,1905BJCBHI,9.1,9.6,,10,8.6,9.3,Passed,9
SP2025,SP2025-class 4,32,1905BJAHGD,9.6,8.2,,6,7.6,7.2,Passed,6
SP2025,SP2025-class 4,33,1905BJCBJC,9.6,9,,7,8.2,7.4,Passed,3
SP2025,SP2025-class 4,34,1905BJCEID,5.4,7,,10,8.6,8,Passed,6
SP2025,SP2025-class 4,35,1905BJCJBI,10,8.6,,10,7.6,8.9,Passed,8.5
SP2025,SP2025-class 5,1,1905BJDBAB,9.1,9.5,,10,7.8,9.1,Passed,10
SP2025,SP2025-class 5,2,1905BJDACJ,9.9,9.9,,5,7.8,7.8,Passed,10
SP2025,SP2025-class 5,3,1905BJDBAF,8.5,9.2,,10,6.4,8.6,Passed,10
SP2025,SP2025-class 5,4,1905BJDDJB,10,10,,7,7.6,8.4,Passed,10
SP2025,SP2025-class 5,5,1905BJCIAA,9.9,10,,6.5,8.2,8.4,Passed,10
SP2025,SP2025-class 5,6,1905BJCGBE,8.9,8.8,,4.5,7.2,7.2,Passed,10
SP2025,SP2025-class 5,7,1905BJCHDH,0,0,,0,0,0,Attendance Fail,0
SP2025,SP2025-class 5,8,1905BJDDJI,7.2,8.3,,0,6.2,5.3,Not Passed,10
SP2025,SP2025-class 5,9,1905BJDDIB,10,10,,10,9.2,9.8,Passed,10
SP2025,SP2025-class 5,10,1905BJDDFF,9.4,9.5,,10,8.2,9.3,Passed,10
SP2025,SP2025-class 5,11,1905BJDAGD,9.9,10,,8,8.4,8.9,Passed,10
SP2025,SP2025-class 5,12,1905BJDACI,8.8,9.4,,10,9.4,9.6,Passed,10
SP2025,SP2025-class 5,13,1905BJDDBD,8.9,9.5,,3.5,8.4,7.4,Passed,10
SP2025,SP2025-class 5,14,1905BJCFIC,9.2,9.6,,10,8.2,9.3,Passed,10
SP2025,SP2025-class 5,15,1905BJCIEB,9.1,9.5,,6.5,8,8,Passed,9
SP2025,SP2025-class 5,16,1905BJDDAD,6.1,7.6,,0,0,2.9,Not Passed,8
SP2025,SP2025-class 5,17,1905BJCHEG,10,9.9,,4.5,6.6,7.3,Passed,10
SP2025,SP2025-class 5,18,1905BJDAJD,6.5,7.6,,3.5,8,6.2,Passed,7
SP2025,SP2025-class 5,19,1905BJCIHF,2.9,0,,0,0,1.9,Attendance Fail,10
SP2025,SP2025-class 5,20,1905BJDABC,9.1,8.8,,6,5.6,7.2,Passed,10
SP2025,SP2025-class 5,21,1905BJDAEG,10,10,,10,7.8,9.3,Passed,10
SP2025,SP2025-class 5,22,1905BJCIJI,10,10,,10,9,9.7,Passed,10
SP2025,SP2025-class 5,23,1905BJCGDF,10,10,,10,8,9.4,Passed,10
SP2025,SP2025-class 5,24,1905BJDBHC,10,10,,10,9,9.7,Passed,10
SP2025,SP2025-class 5,25,1905BJCHGI,8.1,9.3,,6,7,7.6,Passed,10
SP2025,SP2025-class 5,26,1905BJDCAF,10,10,,6,7.4,8,Passed,10
SP2025,SP2025-class 5,27,1905BJDABJ,10,10,,7,9,8.8,Passed,10
SP2025,SP2025-class 5,28,1905BJCFIA,8.8,9.1,,10,8,9.1,Passed,10
SP2025,SP2025-class 5,29,1905BJDBDB,9.9,10,,5,8,7.9,Passed,10
SP2025,SP2025-class 5,30,1905BJCEIE,9.9,9.8,,4,7.4,7.4,Passed,10
SP2025,SP2025-class 5,31,1905AICBDJ,9.9,9.5,,10,7.4,9.2,Passed,10
SP2025,SP2025-class 5,32,1905BJDJAJ,9.1,9.3,,6,7.4,7.8,Passed,10
SP2025,SP2025-class 6,1,1905AIFEJI,9.8,9.8,,6,8.2,7.6,Passed,6
SP2025,SP2025-class 6,2,1905BJEJJI,1,9.6,,0,0,1.6,Not Passed,3
SP2025,SP2025-class 6,3,1905BJEACB,9.4,7.4,,0.5,6.6,5,Passed,5
SP2025,SP2025-class 6,4,1905BJDIFD,5.2,5.2,,9.5,6,7.1,Passed,7.5
SP2025,SP2025-class 6,5,1905BJEAEJ,5.2,4.2,,0.5,5.8,4,Not Passed,6
SP2025,SP2025-class 6,6,1905BJDHFC,9.1,10,,7,8.4,8.5,Passed,10
SP2025,SP2025-class 6,7,1905BJECGA,1,1,,0,0,0.4,Attendance Fail,1
SP2025,SP2025-class 6,8,1905BJECEH,1,1,,0,0,0.4,Attendance Fail,1
SP2025,SP2025-class 6,9,1905BJDGJF,9.3,9.6,,7,7.6,8.1,Passed,9
SP2025,SP2025-class 6,10,1905BJDIAI,9.9,9.6,,10,7.8,9,Passed,8
SP2025,SP2025-class 6,11,1905BJECJE,4.4,1.2,,0,4,2.7,Not Passed,5
SP2025,SP2025-class 6,12,1905BJDHBI,1,1,,0,0,0.4,Attendance Fail,1
SP2025,SP2025-class 6,13,1905BJEAIC,8.5,5.2,,3.5,6,6.1,Passed,10
SP2025,SP2025-class 6,14,1905BJEABB,1,1,,0,0,0.4,Attendance Fail,1
SP2025,SP2025-class 6,15,1905BJEADB,9.6,6.4,,2.5,8.8,6.4,Passed,6
SP2025,SP2025-class 6,16,1905BJEAIA,9.9,8.6,,10,8.6,9.3,Passed,9
SP2025,SP2025-class 6,17,1905BJCHGA,10,7.8,,8,8.4,8.1,Passed,6
SP2025,SP2025-class 6,18,1905BJDEAF,9.1,9.4,,0,0,3.7,Not Passed,9
SP2025,SP2025-class 6,19,1905BJDFIA,9.3,9.2,,4.5,9,6.8,Passed,3
SP2025,SP2025-class 6,20,1905BJDFDC,9.6,7.8,,6,8.8,8.2,Passed,10
SP2025,SP2025-class 6,21,1905BJBJGD,5.4,4.4,,2.5,5.4,4.5,Not Passed,6
SP2025,SP2025-class 6,22,1905BJDGEA,8.6,1,,0,0,2.3,Not Passed,6
SP2025,SP2025-class 6,23,1905BJDFCH,5,4,,3.5,7,5.3,Passed,6.5
SP2025,SP2025-class 6,24,1905BJDGAJ,9.8,9.4,,8,6.8,8.3,Passed,9.5
SP2025,SP2025-class 6,25,1905BJECBA,9.8,9.4,,10,9,9.6,Passed,10
SP2025,SP2025-class 6,26,1905BJDEJA,5,3.4,,0,0,1.5,Attendance Fail,3
SP2025,SP2025-class 6,27,1919AHAAEJ,9.6,10,,10,8,9.3,Passed,10
SP2025,SP2025-class 6,28,1905BJEBJC,10,9.3,,8,8.6,8.2,Passed,5
SP2025,SP2025-class 6,29,1905BJADAC,9.9,7,,10,8.2,9.1,Passed,9.5
SP2025,SP2025-class 6,30,1905BJDGHC,1,1,,0,0,0.4,Attendance Fail,1
SP2025,SP2025-class 6,31,1905BJDEHA,9.9,9.4,,5,8,7.1,Passed,5
SP2025,SP2025-class 6,32,1905BJEAIJ,9.6,9.4,,5.5,7.8,7.3,Passed,6
SP2025,SP2025-class 6,33,1905BJEJFB,9.9,7.4,,10,8.6,9.3,Passed,10
SP2025,SP2025-class 6,34,1905AGJCEJ,1,1,,0,0,0.4,Attendance Fail,1
SP2025,SP2025-class 6,35,1905BJDIHI,3.8,2.4,,0,0,1.3,Attendance Fail,3
SP2025,SP2025-class 7,1,1905AHCGBD,6.8,7.6,,7,6,6.4,Passed,5
SP2025,SP2025-class 7,2,1905AIFBCG,8.8,7,,10,10,9.4,Passed,9
SP2025,SP2025-class 7,3,1905AICGCE,7.1,6.2,,3,6.4,5.3,Passed,5
SP2025,SP2025-class 7,4,1905AIJBAB,7.6,6.4,,2.5,6.8,5.3,Passed,5
SP2025,SP2025-class 7,5,1905AGCECG,9.4,6.4,,2.5,5.6,5.8,Passed,9
SP2025,SP2025-class 7,6,1901AGJAIA,7.9,8.3,,3.5,4.4,5.1,Passed,5
SP2025,SP2025-class 7,7,0405AIJIGI,7.8,6.3,,10,7,7.7,Passed,5
SP2025,SP2025-class 7,8,1905AIBFHE,7.7,7.6,,8.5,6,7.8,Passed,10
SP2025,SP2025-class 7,9,1905AICCHJ,0,0,,0,0,0,Attendance Fail,0
SP2025,SP2025-class 7,10,1905AIBHCA,6.4,6.6,,8,5,6.7,Passed,8
SP2025,SP2025-class 7,11,1905AIAABB,9.1,9.7,,10,8.4,8.9,Passed,7
SP2025,SP2025-class 7,12,1905AHDAEC,0,6,,0,0,0.6,Attendance Fail,0
SP2025,SP2025-class 7,13,1905AICDII,9.8,8.7,,7,10,8.9,Passed,10
SP2025,SP2025-class 7,14,1905AIBGJD,0,6.9,,0,0,2.2,Is Susspended,10
SP2025,SP2025-class 7,15,1905AHCEGD,0,0,,0,0,0,Attendance Fail,0
SP2025,SP2025-class 7,16,1905AIFEJC,7.8,6.1,,6,9,6.7,Passed,3
SP2025,SP2025-class 7,17,1905AGCEDB,0,4.6,,0,0,0.5,Attendance Fail,0
SP2025,SP2025-class 7,18,1905AGCEEC,0,0,,0,0,0,Attendance Fail,0
SP2025,SP2025-class 7,19,1905AIJJFB,9.8,9.2,,10,8.4,9.4,Passed,10
SP2025,SP2025-class 7,20,1905AIJFAF,9.4,9.9,,10,9.2,9.7,Passed,10
SP2025,SP2025-class 7,21,1905AICECF,9.3,10,,1.5,7.6,6.6,Passed,10
SP2025,SP2025-class 7,22,1905AHDGEI,9.1,6.6,,5,7.4,7.1,Passed,9
SP2025,SP2025-class 7,23,1905AIFBBE,4,8.9,,0,8.4,4.8,Not Passed,5
SU2022,SU2022-class 1,1,1905AGAACI,10,10,10,10,8,9.4,Passed,
SU2022,SU2022-class 1,2,1905AGAABF,8.4,8.4,8.7,6.4,5.4,7,Passed,
SU2022,SU2022-class 1,3,1905AGAJCG,9.1,9.1,9.6,10,7.4,9,Passed,
SU2022,SU2022-class 1,4,1905AGJJJD,8.4,8.4,10,5.4,7.2,7.5,Passed,
SU2022,SU2022-class 1,5,1905AGACJJ,8.3,8.3,10,9.5,6.6,8.5,Passed,
SU2022,SU2022-class 1,6,1905AGJBAB,9.1,9.1,10,9.3,6,8.4,Passed,
SU2022,SU2022-class 1,7,1905AGJJFD,9.5,9.5,10,10,7.6,9.2,Passed,
SU2022,SU2022-class 1,8,1905AGAJEG,8,8,9.4,9,6.6,8.2,Passed,
SU2022,SU2022-class 1,9,1905AGJAIA,10,10,10,9.5,6.6,8.8,Passed,
SU2022,SU2022-class 1,10,1905AGAJIC,10,10,10,10,8.4,9.5,Passed,
SU2022,SU2022-class 1,11,1905AGABGA,7,7,7.5,7.5,4,6.4,Passed,
SU2022,SU2022-class 1,12,1905AGAACH,7.9,7.9,8.8,7.7,6,7.5,Passed,
SU2022,SU2022-class 1,13,1905AGAJJF,10,10,10,9.3,7.6,9.1,Passed,
SU2022,SU2022-class 1,14,1905AGJBJG,8.2,8.2,9.4,7.5,6.6,7.8,Passed,
SU2022,SU2022-class 1,15,1905AGBHCF,10,10,10,8.5,6.4,8.5,Passed,
SU2022,SU2022-class 1,16,1905AGABBA,7.9,7.9,8,7.4,6,7.2,Passed,
SU2022,SU2022-class 1,17,1905AGABCH,9,9,10,7,6.4,7.8,Passed,
SU2022,SU2022-class 1,18,1901AGJAAI,6.5,6.5,6.5,5.3,7.6,6.5,Passed,
SU2022,SU2022-class 1,19,1905AGJDGB,9.7,9.7,10,8.5,4.8,7.9,Passed,
SU2022,SU2022-class 1,20,1905AGJBDI,9.2,9.2,10,10,6.4,8.8,Passed,
SU2022,SU2022-class 1,21,1919AGJFCB,5.9,5.9,6.7,6.1,6,6.1,Passed,
SU2022,SU2022-class 1,22,1905AGAJJH,8.3,8.3,9.6,9.1,6.2,8.2,Passed,
SU2022,SU2022-class 1,23,1905AGAABJ,6.9,6.9,7.2,8.5,6.6,7.3,Passed,
SU2022,SU2022-class 1,24,1905AGCBAF,8.4,8.4,10,8.5,7,8.3,Passed,
SU2022,SU2022-class 1,25,1905AGABGC,7.1,7.1,8.7,6.4,4.6,6.5,Passed,
SU2022,SU2022-class 1,26,1905AGJDII,10,10,10,9.9,7.2,9.1,Passed,
SU2022,SU2022-class 1,27,1905AGAJCH,6.5,6.5,6.5,7,6.2,6.6,Passed,
SU2022,SU2022-class 2,1,1905AGBCFB,9.5,9.8,7,10,8,8.7,Passed,
SU2022,SU2022-class 2,2,1905AGAIHC,9.9,9.6,10,9,7.4,8.9,Passed,
SU2022,SU2022-class 2,3,1905AGACDF,9.8,8.1,10,10,6.8,8.8,Passed,
SU2022,SU2022-class 2,4,1905AGAGFE,8.7,8.4,10,10,5.8,8.4,Passed,
SU2022,SU2022-class 2,5,1905AGACFD,9.7,9.7,10,8,7.6,8.6,Passed,
SU2022,SU2022-class 2,6,1905AGAFCA,10,10,10,9,8.4,9.2,Passed,
SU2022,SU2022-class 2,7,1905AFJCFB,4.7,7.5,10,1,6,5.3,Passed,
SU2022,SU2022-class 2,8,1905AGADDG,10,9.8,10,10,8.2,9.4,Passed,
SU2022,SU2022-class 2,9,1905AGBBGD,9.8,8.8,5,6.5,4.6,6.2,Passed,
SU2022,SU2022-class 2,10,1905AGBAHD,9.5,7.6,0,1,0,2,Attendance Fail,
SU2022,SU2022-class 2,11,1905AGAFJF,9.9,8.1,10,10,7.4,9,Passed,
SU2022,SU2022-class 2,12,1905AGBFFJ,8.8,8.5,1,7.5,6.6,6.2,Passed,
SU2022,SU2022-class 2,13,1905AGBDDF,4.3,3,1,1,0,1.2,Not Passed,
SU2022,SU2022-class 2,14,1905AGBBDH,9.3,9.8,8,5,7,7.1,Passed,
SU2022,SU2022-class 2,15,1905AGBAIJ,5,9.5,10,9,6.8,8.2,Passed,
SU2022,SU2022-class 2,16,1905AGAHHE,9.8,8.8,10,10,6.6,8.8,Passed,
SU2022,SU2022-class 2,17,1905AGAFBI,9.8,10,10,9,8.4,9.2,Passed,
SU2022,SU2022-class 2,18,1905AGBEDJ,9.7,9.2,10,10,7.4,9.1,Passed,
SU2022,SU2022-class 2,19,1905AGBFIG,5.5,9.5,10,8.5,7.6,8.3,Passed,
SU2022,SU2022-class 2,20,1905AGBFBI,9.8,9.5,10,0,0,3.9,Not Passed,
SU2022,SU2022-class 2,21,1905AGAFEH,9.7,8.6,10,1,5,5.6,Passed,
SU2022,SU2022-class 2,22,1905AGBGJA,9.8,8.2,10,10,7.8,9.1,Passed,
SU2022,SU2022-class 2,23,1905AGADJD,9.8,9,10,7,7.4,8.2,Passed,
SU2022,SU2022-class 2,24,1905AGADJH,10,10,10,10,8,9.4,Passed,
SU2022,SU2022-class 2,25,1905AGACBG,9.7,9.7,10,9,6.8,8.7,Passed,
SU2022,SU2022-class 2,26,1905AGACDE,9.8,9.3,8,5,7.6,7.3,Passed,
SU2022,SU2022-class 2,27,1905AGAJBB,9.7,9.2,10,6.5,6.8,7.9,Passed,
SU2022,SU2022-class 2,28,1905AGAFFH,10,10,10,10,8.2,9.5,Passed,
SU2022,SU2022-class 2,29,1905AGBJJC,4.9,5.8,1,0,0,1.3,Not Passed,
SU2022,SU2022-class 2,30,1905AGBCDD,10,10,10,10,7.8,9.3,Passed,
SU2022,SU2022-class 3,1,1905AGCCIE,7.4,7.2,7.8,6,5.2,6.4,Passed,
SU2022,SU2022-class 3,2,1905AGCDIH,4.5,4.1,8.5,7.5,6.2,6.7,Passed,
SU2022,SU2022-class 3,3,1905AGJAHA,7.4,6.9,6.5,6,4.8,6,Passed,
SU2022,SU2022-class 3,4,1905AGCBFB,8,6.8,7.8,6,7,6.9,Passed,
SU2022,SU2022-class 3,5,1905AFJABE,0,0,0,0,0,0,Attendance Fail,
SU2022,SU2022-class 3,6,1905AGCJJI,8.5,8.6,8.8,7.5,7.8,8.1,Passed,
SU2022,SU2022-class 3,7,1905AGCFEG,8,7.2,6.5,7.5,7.2,7.2,Passed,
SU2022,SU2022-class 3,8,1905AFBAAF,5.7,5.8,6.5,5,4.4,5.3,Passed,
SU2022,SU2022-class 3,9,1905AGCABI,8.2,6.6,8.8,8,6.2,7.5,Passed,
SU2022,SU2022-class 3,10,1905AGCDEH,8,6.8,6.5,7,5.8,6.6,Passed,
SU2022,SU2022-class 3,11,1905AGCDEJ,8.5,4.5,8.8,8,7.6,7.7,Passed,
SU2022,SU2022-class 3,12,1905AGACCD,8.4,7.9,8,9,5.8,7.7,Passed,
SU2022,SU2022-class 3,13,1905AGJCDB,7.9,6,7.5,6.5,6.4,6.8,Passed,
SU2022,SU2022-class 3,14,1905AGCFIH,7.7,3.9,6.8,6,5.2,5.9,Passed,
SU2022,SU2022-class 3,15,1905AGCCIC,8,5.8,7.8,6,4.6,6.1,Passed,
SU2022,SU2022-class 3,16,1905AGBGEI,8,6.3,7.5,6.5,6,6.7,Passed,
SU2022,SU2022-class 3,17,1905AGCFIE,8.2,7.6,7.3,6,6.2,6.7,Passed,
SU2022,SU2022-class 3,18,1905AGCEEC,0,0,0,0,0,0,Attendance Fail,
SU2022,SU2022-class 3,19,1905AGCCEH,8.5,9.1,8.8,9,7.4,8.4,Passed,
SU2022,SU2022-class 3,20,1905AGCBBE,3,5.5,7.5,8,4.8,6.2,Passed,
SU2022,SU2022-class 3,21,1905AGCJAH,8.5,8.4,8.8,9,6.8,8.2,Passed,
SU2022,SU2022-class 3,22,1905AFBACF,7,6.7,7.5,7,4.2,6.2,Passed,
SU2022,SU2022-class 3,23,1905AGCJEA,8.5,8.3,8.8,9,6.6,8.1,Passed,
SU2022,SU2022-class 4,1,1905AGJCGA,10,10,10,10,8.6,9.6,Passed,
SU2022,SU2022-class 4,2,1905AGCACC,10,10,10,10,7,9.1,Passed,
SU2022,SU2022-class 4,3,1905AGBCHC,9.4,9.4,10,10,6.4,8.8,Passed,
SU2022,SU2022-class 4,4,1905AGAJAD,9.1,9.1,10,9,6,8.3,Passed,
SU2022,SU2022-class 4,5,1905AGACGH,5.6,5.6,6,7,6.2,6.3,Passed,
SU2022,SU2022-class 4,6,1905AGJDBJ,10,10,10,10,7.8,9.3,Passed,
SU2022,SU2022-class 4,7,1705AGJJEG,7.8,7.8,10,9,7.4,8.5,Passed,
SU2022,SU2022-class 4,8,1905AGBDCI,7.9,7.9,9.2,8.6,6,7.8,Passed,
SU2022,SU2022-class 4,9,1905AGABCC,0,0,0,0,0,0,Not Passed,
SU2022,SU2022-class 4,10,1905AGCJAC,8.5,8.5,10,10,6.2,8.6,Passed,
SU2022,SU2022-class 4,11,1905AGBEGI,10,10,10,10,7.6,9.3,Passed,
SU2022,SU2022-class 4,12,1905AGJECD,9.7,9.7,9.9,8.5,0,6.5,Not Passed,
SU2022,SU2022-class 4,13,1905AGAIDG,0,0,0,0,0,0,Attendance Fail,
SU2022,SU2022-class 4,14,1905AGBGIH,7.6,7.6,9.5,7,0,5.5,Not Passed,
SU2022,SU2022-class 4,15,1905AGBCBA,8,8,9,8,5.4,7.4,Passed,
SU2022,SU2022-class 4,16,1905AGADHB,7.1,7.1,9,7,5.8,7.1,Passed,
SU2022,SU2022-class 4,17,1905AGCEJJ,8.4,8.4,10,10,4,7.9,Passed,
SU2022,SU2022-class 4,18,1905AGBFFI,10,10,10,10,7.2,9.2,Passed,
SU2022,SU2022-class 4,19,1905AGBCHB,9.6,9.6,9.6,8.3,4.8,7.8,Passed,
SU2022,SU2022-class 4,20,1905AGCCHA,8.2,8.2,10,10,6.6,8.6,Passed,
SU2022,SU2022-class 4,21,1905AGCFJG,8.5,8.5,10,10,7.8,9,Passed,
SU2022,SU2022-class 4,22,1905AGCBJJ,7.4,7.4,8.5,7,7.4,7.5,Passed,
SU2022,SU2022-class 4,23,1905AGBCIA,6.8,6.8,8.5,7.3,6.2,7.1,Passed,
SU2022,SU2022-class 4,24,1905AGCEGA,7.8,7.8,8,7.3,7.2,7.5,Passed,
SU2022,SU2022-class 4,25,1905AGJDEE,10,10,10,10,7.2,9.2,Passed,
SU2023,SU2023-class 1,1,1905AHAFEA,8.2,9,9.5,7,8,8.1,Passed,
SU2023,SU2023-class 1,2,1905AHBABG,7.4,7.8,9.5,10,6.6,8.4,Passed,
SU2023,SU2023-class 1,3,1905AHJFDI,6,6.4,6.8,2,6.2,5,Passed,
SU2023,SU2023-class 1,4,1905AHAEEJ,6.8,5.5,9.5,10,5.2,7.7,Passed,
SU2023,SU2023-class 1,5,1905AEJGEB,5.8,7.6,5,10,6.2,7.2,Passed,
SU2023,SU2023-class 1,6,1905AHBAHI,8,8.3,9.5,10,9,9.2,Passed,
SU2023,SU2023-class 1,7,1905AHAHBA,5.4,6.4,8.5,4,6.6,6.1,Passed,
SU2023,SU2023-class 1,8,1905AHAEHB,7,7.4,3,2,7.2,4.8,Not Passed,
SU2023,SU2023-class 1,9,1905AHBDJI,7.2,8.6,8.5,7,7,7.5,Passed,
SU2023,SU2023-class 1,10,1905AHBJAD,8,8.3,8.5,10,9,9,Passed,
SU2023,SU2023-class 1,11,1905AHAEEB,8,7.1,8,5,6,6.4,Passed,
SU2023,SU2023-class 1,12,1905AHJFDJ,8,7.3,6.3,0,8,5.2,Not Passed,
SU2023,SU2023-class 1,13,1905AHCDBG,7,7.9,9.5,10,7.4,8.6,Passed,
SU2023,SU2023-class 1,14,1905AHDIJI,7,8.5,7.5,10,7.6,8.3,Passed,
SU2023,SU2023-class 1,15,1905AHBJEJ,5.8,4.5,7.3,5,4.4,5.3,Passed,
SU2023,SU2023-class 1,16,1905AHAGDH,8.4,8.5,9.5,10,7.2,8.8,Passed,
SU2023,SU2023-class 1,17,1905AHAGIH,5.6,7.3,5,7,6,6.2,Passed,
SU2023,SU2023-class 1,18,1905AHJCJD,6.8,6.1,7,1,7.2,5.2,Passed,
SU2023,SU2023-class 1,19,1905AHAIBG,4.2,7.8,3,2,9,5.1,Passed,
SU2023,SU2023-class 1,20,1905AHAIFE,7.6,5.4,7,8,7.6,7.4,Passed,
SU2023,SU2023-class 1,21,1905AHBJJA,5.8,8,6,2,7.6,5.5,Passed,
SU2023,SU2023-class 1,22,1905AHDDIG,4,5.5,9.5,9,8,8,Passed,
SU2023,SU2023-class 1,23,1905AHAHBB,5.6,6.6,6.3,10,7.4,7.7,Passed,
SU2023,SU2023-class 1,24,1905AHBAIG,6.8,5,7,2,7,5.3,Passed,
SU2023,SU2023-class 1,25,0405AHJGCI,8.6,8.1,8,8,7.8,8,Passed,
SU2023,SU2023-class 1,26,1905AHJEDA,6.2,7.6,7,7,6.8,6.9,Passed,
SU2023,SU2023-class 1,27,1905AHAFEH,8.6,10,9.5,10,8.6,9.3,Passed,
SU2023,SU2023-class 1,28,1905AHBAHE,8,8.3,8.5,10,8.4,8.8,Passed,
SU2023,SU2023-class 2,1,1905AHJAAC,9.7,9.2,10,10,7.2,9,Passed,
SU2023,SU2023-class 2,2,1905AHCHHD,1,1,10,0,0,2.2,Not Passed,
SU2023,SU2023-class 2,3,1905AGJCGH,9.4,9.8,5,10,7.2,8.1,Passed,
SU2023,SU2023-class 2,4,1905AHCDAA,9.1,6.8,10,1,4.2,5.1,Passed,
SU2023,SU2023-class 2,5,1905AGCFJI,8.9,4.2,1,1,4.4,3.1,Not Passed,
SU2023,SU2023-class 2,6,1905AHJAAD,4.7,6,8,4,5.8,5.6,Passed,
SU2023,SU2023-class 2,7,1905AHJJEI,8.9,5,10,10,7.8,8.7,Passed,
SU2023,SU2023-class 2,8,1905AHJCHI,9.1,6.4,10,10,6.6,8.5,Passed,
SU2023,SU2023-class 2,9,1905AGAIFH,1,1,1,0,3.6,1.5,Not Passed,
SU2023,SU2023-class 2,10,1905AGACFE,0,0,0,0,0,0,Attendance Fail,
SU2023,SU2023-class 2,11,1905AHDAEC,0,0,0,0,0,0,Attendance Fail,
SU2023,SU2023-class 2,12,1905AHJEJC,9.7,10,10,10,6.8,9,Passed,
SU2023,SU2023-class 2,13,1905AGJEGE,9.2,2.4,1,10,5.2,5.9,Passed,
SU2023,SU2023-class 2,14,1905AHJCJA,9.4,4.8,10,7,6.6,7.5,Passed,
SU2023,SU2023-class 2,15,1905AHJAJI,9.2,5.8,10,10,7,8.6,Passed,
SU2023,SU2023-class 2,16,1905AHJCID,9.2,7.2,10,7,4.8,7.2,Passed,
SU2023,SU2023-class 2,17,1905AGAEDG,0,0,0,0,0,0,Attendance Fail,
SU2023,SU2023-class 2,18,1905AGBECE,8.9,6.4,3,2,6.6,4.7,Not Passed,
SU2023,SU2023-class 2,19,1905AHJAFJ,8.3,5.6,8,10,6.2,7.8,Passed,
SU2023,SU2023-class 2,20,1905AGJCCF,9.4,8.5,10,10,8.2,9.3,Passed,
SU2023,SU2023-class 2,21,1905AHJAHJ,7.2,3.8,8,10,6.6,7.7,Passed,
SU2023,SU2023-class 2,22,1905AGBAAG,7.8,6.8,8,10,7.2,8.2,Passed,
SU2023,SU2023-class 3,1,1905AHBIDG,8,9.2,8,6,7.4,7.3,Passed,
SU2023,SU2023-class 3,2,1905AGJJJF,8.6,9,8,7,6,7.3,Passed,
SU2023,SU2023-class 3,3,1905AHCJHD,8.9,10,9,10,7.4,8.9,Passed,
SU2023,SU2023-class 3,4,1905AHBHCF,8.2,7,8,10,5.6,7.8,Passed,
SU2023,SU2023-class 3,5,1905AHBFAF,7.3,7.5,8,10,7,8.2,Passed,
SU2023,SU2023-class 3,6,1905AHBFGF,7.4,8.7,8.5,7,7,7.5,Passed,
SU2023,SU2023-class 3,7,1905AHBCFD,8.1,8.2,8.5,5,7.4,7.1,Passed,
SU2023,SU2023-class 3,8,1905AGCABC,7.7,9.4,8.5,10,7,8.5,Passed,
SU2023,SU2023-class 3,9,1905AHBCBB,8.9,9.3,8,7,7,7.6,Passed,
SU2023,SU2023-class 3,10,1905AHCJIA,8.2,9.2,8.5,5,5.6,6.6,Passed,
SU2023,SU2023-class 3,11,1905AHCBEA,8.8,9,8,7,8,7.9,Passed,
SU2023,SU2023-class 3,12,1905AHBGJF,9,10,9,10,7.4,8.9,Passed,
SU2023,SU2023-class 3,13,1905AGCDJH,6.8,7.1,8.3,10,7,8.1,Passed,
SU2023,SU2023-class 3,14,1905AHBFDJ,0,0,0,0,0,0,Attendance Fail,
SU2023,SU2023-class 3,15,1905AHBDAJ,8.8,9.2,9,10,6.8,8.6,Passed,
SU2023,SU2023-class 3,16,1905AHBGEG,8.2,8,8,10,7.2,8.4,Passed,
SU2023,SU2023-class 3,17,1905AHBCDE,8.1,9.5,8.3,10,7.2,8.6,Passed,
SU2023,SU2023-class 3,18,1905AHBDHG,7.8,8.8,8.8,10,8.8,9,Passed,
SU2023,SU2023-class 3,19,1905AGBBFI,8.2,6.8,7,0,4.6,4.3,Not Passed,
SU2023,SU2023-class 3,20,1905AHBCJI,8.1,9,9,10,7.4,8.7,Passed,
SU2023,SU2023-class 3,21,1905AHBCHJ,8.3,8.4,8.5,10,6.8,8.4,Passed,
SU2023,SU2023-class 3,22,1905AHBDCI,8.7,8.2,9,7,7.6,7.9,Passed,
SU2023,SU2023-class 3,23,1905AHBEHE,0,0,0,0,0,0,Attendance Fail,
SU2023,SU2023-class 3,24,1905AHBDBF,8.5,8.8,9,10,6.6,8.5,Passed,
SU2023,SU2023-class 3,25,1905AHBHCA,8,8.7,8,10,6,8.1,Passed,
SU2023,SU2023-class 3,26,1905AGCEBB,9.3,9.8,9,10,6.6,8.7,Passed,
SU2023,SU2023-class 3,27,1905AHBCEG,8,7.8,8.3,10,7,8.3,Passed,
SU2023,SU2023-class 3,28,1905AHBGHE,7.9,7,8,10,7.6,8.4,Passed,
SU2023,SU2023-class 3,29,1905AHBDJF,9.1,9.6,8.5,10,7.6,8.9,Passed,
SU2023,SU2023-class 4,1,1905AHCADA,7.7,7.6,6.2,0,6.8,4.8,Not Passed,
SU2023,SU2023-class 4,2,1905AHCBCE,10,9.7,9.3,5,6.4,7.2,Passed,
SU2023,SU2023-class 4,3,1905AHCGAH,10,9.4,7.5,0,6.8,5.5,Not Passed,
SU2023,SU2023-class 4,4,1905AHCGCG,7.5,8.6,9,4,5.8,6.3,Passed,
SU2023,SU2023-class 4,5,1905AHCEJE,9.1,9.5,9.3,10,6,8.5,Passed,
SU2023,SU2023-class 4,6,1905AHDADF,10,10,10,7,8.2,8.6,Passed,
SU2023,SU2023-class 4,7,1905AHCHCE,0,0,0,0,0,0,Attendance Fail,
SU2023,SU2023-class 4,8,1905AHCCJC,8.6,9.3,9.7,10,8,9.1,Passed,
SU2023,SU2023-class 4,9,1905AHCFFF,9.5,9.7,9.4,10,6.4,8.7,Passed,
SU2023,SU2023-class 4,10,1905AHCJIJ,10,9.7,8.8,4,6.8,7,Passed,
SU2023,SU2023-class 4,11,1905AHCDHJ,0,0,0,0,0,0,Attendance Fail,
SU2023,SU2023-class 4,12,1905AHCCAJ,10,9.9,9.7,9,6,8.4,Passed,
SU2023,SU2023-class 4,13,1905AHCHDH,9.4,9.9,10,4,7.2,7.3,Passed,
SU2023,SU2023-class 4,14,1905AHCGDG,10,10,10,10,6.8,9,Passed,
SU2023,SU2023-class 4,15,1905AHCAFI,9.6,9.9,10,10,7.8,9.3,Passed,
SU2023,SU2023-class 4,16,1905AHCCIE,9,8.9,8.7,5,7.6,7.3,Passed,
SU2023,SU2023-class 4,17,1905AHBJDB,10,10,10,8,6.6,8.4,Passed,
SU2023,SU2023-class 4,18,1905AHCEGD,0,0,0,0,0,0,Attendance Fail,
SU2023,SU2023-class 4,19,1905AHCEJG,10,10,10,10,8,9.4,Passed,
SU2023,SU2023-class 4,20,1905AHCAGF,8,8.8,8.7,7,5,7,Passed,
SU2023,SU2023-class 4,21,1905AGCEDB,0,0,0,0,0,0,Attendance Fail,
SU2023,SU2023-class 4,22,1905AHCDGG,10,10,10,2,6.2,6.5,Passed,
SU2023,SU2023-class 4,23,1905AHCGGG,10,9.6,8.5,9,6.4,8.3,Passed,
SU2023,SU2023-class 4,24,1905AHBIAJ,9.4,9.9,10,10,5.6,8.6,Passed,
SU2023,SU2023-class 4,25,1905AHCBEF,9.8,10,10,10,7.6,9.3,Passed,
SU2023,SU2023-class 4,26,1905AHCBJC,10,10,10,5,8.2,8,Passed,
SU2023,SU2023-class 5,1,1905AHDFCG,7,7.4,6.5,3,4.6,5,Passed,
SU2023,SU2023-class 5,2,1905AHDGGG,5,6.1,7,4,6.4,5.6,Passed,
SU2023,SU2023-class 5,3,1905AHBBBC,10,9.8,9.1,10,5.6,8.5,Passed,
SU2023,SU2023-class 5,4,1905AHDECI,9.9,9.7,8.7,8,7.8,8.4,Passed,
SU2023,SU2023-class 5,5,1905AHCGHG,9.9,10,10,0,0,4,Not Passed,
SU2023,SU2023-class 5,6,1905AHDHDF,10,10,10,6,6,7.6,Passed,
SU2023,SU2023-class 5,7,1905AHDHCI,5.8,7.5,8.7,0,0,3.1,Not Passed,
SU2023,SU2023-class 5,8,1905AHDCBA,10,10,10,10,6,8.8,Passed,
SU2023,SU2023-class 5,9,1905AHDECD,10,10,10,10,7.4,9.2,Passed,
SU2023,SU2023-class 5,10,1905AHEJBD,8.8,8.8,7,10,7.2,8.3,Passed,
SU2023,SU2023-class 5,11,1905AHDEDA,10,10,10,1,5.8,6,Passed,
SU2023,SU2023-class 5,12,1905AHDGCG,10,10,10,10,8.4,9.5,Passed,
SU2023,SU2023-class 5,13,1905AHBIAG,5.5,6.2,6.7,0,0,2.5,Not Passed,
SU2023,SU2023-class 5,14,1905AHDCGD,7.5,8.9,10,10,7.2,8.8,Passed,
SU2023,SU2023-class 5,15,1905AHCIBG,10,10,10,10,8,9.4,Passed,
SU2023,SU2023-class 5,16,1905AHDBJD,9.5,8.8,7.8,5,7.6,7.2,Passed,
SU2023,SU2023-class 5,17,1905AHCFJJ,0,0,0,0,0,0,Attendance Fail,
SU2023,SU2023-class 5,18,1905AHDGAG,10,9.6,8.9,10,8.2,9.2,Passed,
SU2023,SU2023-class 5,19,1905AHDHIJ,9.3,8.2,6.6,0,4.4,4.4,Not Passed,
SU2023,SU2023-class 5,20,1905AGAAFC,0,0,0,0,0,0,Attendance Fail,
SU2023,SU2023-class 5,21,1905AHDEAF,10,10,10,10,7,9.1,Passed,
SU2023,SU2023-class 5,22,1905AHDFIB,9.2,9.8,10,8,5.6,8,Passed,
SU2023,SU2023-class 5,23,1905AHDFDI,6.8,6.2,5.2,7,4.2,5.7,Passed,
SU2023,SU2023-class 5,24,1905AHJCEE,10,10,10,10,7.2,9.2,Passed,
SU2023,SU2023-class 5,25,1905AHDBJB,8.3,7.9,7,7,4.8,6.5,Passed,
SU2024,SU2024-class 1,1,1905AICIEF,8.2,7.5,3,10,8.2,7.6,Passed,
SU2024,SU2024-class 1,2,1905AHDJEJ,9.9,10,3,4,8.2,6.3,Passed,
SU2024,SU2024-class 1,3,1905AHBHAJ,5,5.9,7,1,4.2,4.1,Not Passed,
SU2024,SU2024-class 1,4,1905AICAEI,9.6,7,7,10,7.6,8.3,Passed,
SU2024,SU2024-class 1,5,1905AIJCAF,9.7,9.8,6,10,8.8,8.8,Passed,
SU2024,SU2024-class 1,6,1905AIDDGE,9.6,9.4,6,1,6.2,5.3,Passed,
SU2024,SU2024-class 1,7,1905AIJBBA,5.3,9,7,1,5.6,4.8,Not Passed,
SU2024,SU2024-class 1,8,1905AICHJB,8.3,7.2,3,7,6,6.1,Passed,
SU2024,SU2024-class 1,9,1905AIDGIH,1,8.7,6,8,8,7,Passed,
SU2024,SU2024-class 1,10,1905AGCFJI,9,4.9,6,2,6.4,5.1,Passed,
SU2024,SU2024-class 1,11,1905AIJJJH,9,9.1,10,10,7.4,9,Passed,
SU2024,SU2024-class 1,12,1905AIBCGJ,7.8,9.2,6,0,0,2.9,Not Passed,
SU2024,SU2024-class 1,13,1905AHCHGG,9.2,8.4,6,0,0,3,Not Passed,
SU2024,SU2024-class 1,14,1905AIDDDH,9,9.4,7,0,0,3.2,Not Passed,
SU2024,SU2024-class 1,15,1905AIBJAA,1,4.2,3,0,0,1.1,Attendance Fail,
SU2024,SU2024-class 1,16,1905AIJEBG,8.8,8.2,8.5,10,6.4,8.3,Passed,
SU2024,SU2024-class 1,17,1905AIDHEI,8.7,9.3,6,1,6.8,5.3,Passed,
SU2024,SU2024-class 1,18,1905AIFFGD,4.8,4.4,4,0,0,1.7,Not Passed,
SU2024,SU2024-class 1,19,1905AFAHIF,1,0,2,0,0,0.5,Not Passed,
SU2024,SU2024-class 1,20,1905AIJEFC,9.9,8.2,8.5,10,8.8,9.2,Passed,
SU2024,SU2024-class 1,21,1905AHJJJD,10,10,10,10,7,9.1,Passed,
SU2024,SU2024-class 1,22,1905AICCHJ,1,5.4,3,0,0,1.2,Not Passed,
SU2024,SU2024-class 1,23,1905AHJJHE,1,0,0,0,0,0.1,Attendance Fail,
SU2024,SU2024-class 1,24,1905AIJCGC,5.2,7.8,2,0,0,1.7,Attendance Fail,
SU2024,SU2024-class 1,25,1905AHJCBF,1,9.5,7,10,7.6,7.7,Passed,
SU2024,SU2024-class 1,26,1905AIJBJJ,9.7,8.1,10,3,7,6.8,Passed,
SU2024,SU2024-class 1,27,1905AHCCAF,9.8,9.6,10,10,7.8,9.3,Passed,
SU2024,SU2024-class 1,28,1905AIJCDH,10,9.8,9,10,8.4,9.3,Passed,
SU2024,SU2024-class 1,29,1905AIJDAJ,9.6,8.8,9,4,7.4,7.1,Passed,
SU2024,SU2024-class 1,30,1905AICEEF,9.3,8.8,4,1,8,5.3,Passed,
SU2024,SU2024-class 1,31,0305AHJDBD,4.9,9.8,6,0,0,2.7,Not Passed,
SU2024,SU2024-class 1,32,1905AIJIDB,9.8,8.2,6,10,7.4,8.2,Passed,
SU2024,SU2024-class 1,33,1905AIJEGE,9.8,8.7,3,7,8.8,7.2,Passed,
SU2024,SU2024-class 1,34,1905AHDAFF,9.4,8.2,6,0,0,3,Not Passed,
SU2024,SU2024-class 1,35,1905AICDDF,9.7,8.9,9,9,6.6,8.3,Passed,
SU2024,SU2024-class 2,1,1905AIJGHH,4.5,8.9,8,0,6.8,5,Not Passed,
SU2024,SU2024-class 2,2,1905AHCHEA,0,0.3,0,0,0,0,Attendance Fail,
SU2024,SU2024-class 2,3,1905AGAFJG,0,2.4,0,0,0,0.2,Attendance Fail,
SU2024,SU2024-class 2,4,1905AIJGEF,4.3,4.4,9,0,0,2.7,Attendance Fail,
SU2024,SU2024-class 2,5,1905AIBFJI,0,0.3,0,0,0,0,Attendance Fail,
SU2024,SU2024-class 2,6,1905AIJIJC,9.8,9.8,9.3,10,8.4,9.3,Passed,
SU2024,SU2024-class 2,7,1905AIJFIG,9.3,7.3,6.5,1,8.8,5.9,Passed,
SU2024,SU2024-class 2,8,1905AIFGCA,8.7,7.1,8.5,4,7,6.6,Passed,
SU2024,SU2024-class 2,9,1905AIBFJA,3.8,3.5,1.5,0,0,1,Attendance Fail,
SU2024,SU2024-class 2,10,1905AIBDAF,8.5,9,4.5,6,8,6.8,Passed,
SU2024,SU2024-class 2,11,1905AIBBGD,9.5,9.1,9.5,10,8.4,9.3,Passed,
SU2024,SU2024-class 2,12,1905AIBDDG,9.4,9.8,7,10,7,8.4,Passed,
SU2024,SU2024-class 2,13,1905AIJFDJ,9.2,9.7,9,10,7.6,9,Passed,
SU2024,SU2024-class 2,14,1905AIBDBC,8.5,9.7,6,10,8,8.4,Passed,
SU2024,SU2024-class 2,15,1905AIBHEF,8.3,8.7,7.5,2,6.8,5.8,Passed,
SU2024,SU2024-class 2,16,1905AIBJJC,8.5,9.5,4.8,10,7.6,8,Passed,
SU2024,SU2024-class 2,17,1905AIJHGE,9.8,9.2,8.8,4,7.4,7.1,Passed,
SU2024,SU2024-class 2,18,1905AHDBHC,4.8,9.1,9.3,6,6.6,7,Passed,
SU2024,SU2024-class 2,19,1905AHJFBC,9.7,9,5.5,2,6.4,5.5,Passed,
SU2024,SU2024-class 2,20,1905AIBBGI,0,0.3,0,0,0,0,Attendance Fail,
SU2024,SU2024-class 2,21,1905AIBJGI,7.2,5.7,6,7,6.4,6.5,Passed,
SU2024,SU2024-class 2,22,1905AGBECE,0,1.1,6.8,0,0,1.5,Attendance Fail,
SU2024,SU2024-class 2,23,1905AIAACJ,9.5,9.7,7.8,3,8.8,7,Passed,
SU2024,SU2024-class 2,24,1905AIJGCH,10,10,9.8,10,9.4,9.8,Passed,
SU2024,SU2024-class 2,25,1905AIJEJI,10,8.8,8.3,6,8,7.7,Passed,
SU2024,SU2024-class 2,26,1905AIJIII,9.4,9.6,8.3,10,8.6,9.1,Passed,
SU2024,SU2024-class 2,27,1905AIBDBF,8.9,9.2,6.5,9,7.6,8.1,Passed,
SU2024,SU2024-class 2,28,1905AIJFDB,4.8,3.5,5.3,0,0,1.9,Not Passed,
SU2024,SU2024-class 2,29,1905AIJIAG,4.8,1.7,7.5,0,0,2.1,Attendance Fail,
SU2024,SU2024-class 2,30,1905AIAJEG,9,9.1,2.5,3,7.2,5.4,Passed,
SU2024,SU2024-class 2,31,1905AHDGEI,5,3.3,5,0,0,1.8,Attendance Fail,
SU2024,SU2024-class 2,32,1905AIJHDA,9.8,10,7.8,1,6.6,5.8,Passed,
SU2024,SU2024-class 2,33,1905AIBFAA,0,0.3,0,0,0,0,Attendance Fail,
SU2024,SU2024-class 2,34,1905AIJHDJ,9.9,10,10,10,7,9.1,Passed,
SU2024,SU2024-class 3,1,1905AIFDHB,10,10,10,10,8.6,9.6,Passed,
SU2024,SU2024-class 3,2,1905AICGCE,7.4,5.5,0.5,0,0,1.4,Not Passed,
SU2024,SU2024-class 3,3,1905AICFEC,9.5,8.6,9,7,6.6,7.7,Passed,
SU2024,SU2024-class 3,4,1905AIBHJG,8.7,7.4,6,4,5.8,5.8,Passed,
SU2024,SU2024-class 3,5,1905AICECG,10,9.9,9.9,9,7.8,9,Passed,
SU2024,SU2024-class 3,6,1919AGJADD,10,9.6,10,10,5.4,8.6,Passed,
SU2024,SU2024-class 3,7,1905AICEAJ,10,9.8,10,10,7.8,9.3,Passed,
SU2024,SU2024-class 3,8,1905AICADC,0,0,0,0,0,0,Attendance Fail,
SU2024,SU2024-class 3,9,1905AICJGF,6.1,7.3,7.7,0,0,2.9,Not Passed,
SU2024,SU2024-class 3,10,1905AIBBGF,10,10,10,10,9.2,9.8,Passed,
SU2024,SU2024-class 3,11,1905AICFCE,9.9,9.8,9.8,9,6.6,8.6,Passed,
SU2024,SU2024-class 3,12,1905AIJFCA,9.6,9,9.1,6,6.2,7.3,Passed,
SU2024,SU2024-class 3,13,1905AICHHJ,9,8.2,6.4,3,4.6,5.3,Passed,
SU2024,SU2024-class 3,14,1905AICHJJ,9.3,8.2,8.7,6,7,7.4,Passed,
SU2024,SU2024-class 3,15,1905AICEBD,8.3,6.5,5.2,4,5.6,5.4,Passed,
SU2024,SU2024-class 3,16,1905AIBFCF,10,10,10,10,8.8,9.6,Passed,
SU2024,SU2024-class 3,17,1905AICFGD,10,9.9,9.9,9,7.6,8.9,Passed,
SU2024,SU2024-class 3,18,1905AGBHEA,4.5,4.8,1.3,2,0,1.8,Not Passed,
SU2024,SU2024-class 3,19,1905AICEBB,10,10,10,10,9.2,9.8,Passed,
SU2024,SU2024-class 3,20,1905AIDEBB,10,9.7,10,10,7.2,9.1,Passed,
SU2024,SU2024-class 3,21,1905AIBFAG,10,10,10,10,9,9.7,Passed,
SU2024,SU2024-class 3,22,1905AICCIJ,9.5,9.2,7.6,7,7,7.6,Passed,
SU2024,SU2024-class 3,23,1905AIBHDG,10,10,10,10,7,9.1,Passed,
SU2024,SU2024-class 3,24,1905AGCEDB,0,0,0,0,0,0,Attendance Fail,
SU2024,SU2024-class 3,25,1905AIBHGD,10,9.6,10,10,7.6,9.2,Passed,
SU2024,SU2024-class 3,26,1905AICDHH,10,10,10,10,7.2,9.2,Passed,
SU2024,SU2024-class 3,27,1905AICFGJ,8.5,6.6,6.3,1,5.4,4.7,Not Passed,
SU2024,SU2024-class 3,28,1905AICBDB,10,10,10,9,8.2,9.2,Passed,
SU2024,SU2024-class 3,29,1905AHJFHC,9.8,9.8,9,7,6.2,7.7,Passed,
SU2024,SU2024-class 3,30,1905AICABC,9.7,9.3,8.8,8,6,7.9,Passed,
SU2024,SU2024-class 3,31,1905AICGAF,10,10,10,10,8.6,9.6,Passed,
SU2024,SU2024-class 3,32,1905AIBIBG,9.9,9.7,9.5,5,6.8,7.4,Passed,
SU2024,SU2024-class 3,33,1905AICGBH,9.6,8.8,9.3,1,5.6,5.7,Passed,
SU2024,SU2024-class 3,34,1905AICAGE,9,7.7,7.5,6,6,6.8,Passed,
SU2024,SU2024-class 4,1,1905AIDDDF,9.8,9.3,9.9,2,0,4.5,Not Passed,
SU2024,SU2024-class 4,2,1905AIDDII,10,10,10,10,6.8,9,Passed,
SU2024,SU2024-class 4,3,1905AIDJFG,10,10,10,5,6.6,7.5,Passed,
SU2024,SU2024-class 4,4,1905AIDJAC,6.4,8.2,7.8,0,0,3,Not Passed,
SU2024,SU2024-class 4,5,1905AICHGE,10,10,10,10,8.8,9.6,Passed,
SU2024,SU2024-class 4,6,1905AHCGHG,9.8,9.3,10,9,8.6,9.2,Passed,
SU2024,SU2024-class 4,7,1905AIDABG,9.7,9,10,6,7.2,7.8,Passed,
SU2024,SU2024-class 4,8,1905AIDECB,0,0,0,0,0,0,Attendance Fail,
SU2024,SU2024-class 4,9,1905AIDJAI,8.8,7.7,5.5,0,0,2.7,Not Passed,
SU2024,SU2024-class 4,10,1905AICIGI,9.5,8.9,8.6,7,6.6,7.6,Passed,
SU2024,SU2024-class 4,11,1905AIDCDD,10,10,10,10,6,8.8,Passed,
SU2024,SU2024-class 4,12,1905AICAAJ,10,10,10,10,7.6,9.3,Passed,
SU2024,SU2024-class 4,13,1905AGCCDB,9.2,8.5,7.4,5,6.2,6.6,Passed,
SU2024,SU2024-class 4,14,1905AIDEBE,10,9.7,10,10,7.4,9.2,Passed,
SU2024,SU2024-class 4,15,1905AIDAIJ,10,10,10,10,7.6,9.3,Passed,
SU2024,SU2024-class 4,16,1905AICFEJ,6.4,8.2,7.7,2,7.6,5.9,Passed,
SU2024,SU2024-class 4,17,1905AHBJAF,9.2,8,8.3,7,6.2,7.3,Passed,
SU2024,SU2024-class 4,18,1905AIBFAF,10,10,10,10,7.8,9.3,Passed,
SU2024,SU2024-class 4,19,1905AIDFDE,10,10,10,10,6.8,9,Passed,
SU2024,SU2024-class 4,20,1905AHEJJJ,9.2,7.4,10,1,4.8,5.4,Passed,
SU2024,SU2024-class 4,21,1905AIDDHD,9.8,9.5,9.9,6,7.8,8,Passed,
SU2024,SU2024-class 4,22,1905AIBAAE,10,10,10,10,7.4,9.2,Passed,
SU2024,SU2024-class 4,23,1905AICHBI,10,10,10,10,7.6,9.3,Passed,
SU2024,SU2024-class 4,24,1905AIDGHF,10,10,10,10,8.4,9.5,Passed,
SU2024,SU2024-class 4,25,1905AIBDEG,10,10,10,10,8.8,9.6,Passed,
SU2024,SU2024-class 4,26,1905AIJAFH,10,10,10,10,9.4,9.8,Passed,
SU2024,SU2024-class 4,27,1905AIDBGA,9,8.1,7,6,5.6,6.6,Passed,
SU2024,SU2024-class 4,28,1905AIDBIE,0,0,0,0,0,0,Attendance Fail,
SU2024,SU2024-class 4,29,1905AIDFJG,9.6,9,8.9,7,7.8,8.1,Passed,
SU2024,SU2024-class 4,30,1905AIJCHJ,9.7,9.1,9.6,8,6.4,8.1,Passed,
SU2024,SU2024-class 4,31,1905AHJJCF,9.3,8.4,8.3,6,6.8,7.3,Passed,
SU2024,SU2024-class 4,32,1905AIDCJC,9.3,9.1,6.5,0,6.6,5.1,Not Passed,
SU2024,SU2024-class 4,33,1905AIDBBE,10,9.8,10,10,6.8,9,Passed,
SU2024,SU2024-class 5,1,1905AIDGDE,7.2,9,9,9,7.8,8.5,Passed,
SU2024,SU2024-class 5,2,1905AIBEFI,5.6,9,2,9,7.8,6.9,Passed,
SU2024,SU2024-class 5,3,1905AIFBBG,10,9,10,9,9,9.3,Passed,
SU2024,SU2024-class 5,4,1905AIFDGG,9.4,9,9.5,10,9,9.4,Passed,
SU2024,SU2024-class 5,5,1905AIFDHC,9,9,7,5,5.6,6.4,Passed,
SU2024,SU2024-class 5,6,1905AHDBAF,0,0,0,0,0,0,Attendance Fail,
SU2024,SU2024-class 5,7,1905AHDGGE,8.2,9,9,10,7.2,8.7,Passed,
SU2024,SU2024-class 5,8,1905AIFBCE,9.6,7,9,4,5.2,6.2,Passed,
SU2024,SU2024-class 5,9,1905AIFEJJ,6,5,3,0,6.6,3.7,Not Passed,
SU2024,SU2024-class 5,10,1905AIDHEJ,9,6,10,7,6.8,7.6,Passed,
SU2024,SU2024-class 5,11,1905AICJIA,7,9,9.5,0,5.4,5.1,Not Passed,
SU2024,SU2024-class 5,12,1905AIBFHE,3.9,7,5,0,0,2.1,Not Passed,
SU2024,SU2024-class 5,13,1905AIFFEC,8,7,3,10,5,6.6,Passed,
SU2024,SU2024-class 5,14,1905AIFBFF,6.4,7,3,1,9.4,5.1,Passed,
SU2024,SU2024-class 5,15,1905AIFDCE,7.6,8,8,10,7.2,8.3,Passed,
SU2024,SU2024-class 5,16,1905AHDAEC,0,0,0,0,0,0,Attendance Fail,
SU2024,SU2024-class 5,17,1905AIFDEA,7.4,9,5,5,6,5.9,Passed,
SU2024,SU2024-class 5,18,1905AIFEBG,4.7,7,5.5,0,0,2.3,Not Passed,
SU2024,SU2024-class 5,19,1905AIFDAJ,10,9.3,10,10,8.8,9.6,Passed,
SU2024,SU2024-class 5,20,1905AGAEDG,0,0,0,0,0,0,Attendance Fail,
SU2024,SU2024-class 5,21,1905AIDHCC,7.2,7,6,1,6,4.7,Not Passed,
SU2024,SU2024-class 5,22,1905AIFBIB,6.6,2,5.5,3,7,5,Passed,
SU2024,SU2024-class 5,23,1905AIFFIA,6.8,2,1,0,0,1.1,Not Passed,
SU2024,SU2024-class 5,24,1905AIFFII,7.6,3,10,10,6,7.9,Passed,
SU2024,SU2024-class 5,25,1905AICHEH,7.6,6,7.5,3,6.4,5.7,Passed,
SU2024,SU2024-class 5,26,1905AIFCAH,9.8,9,8.8,9,7.8,8.7,Passed,
SU2024,SU2024-class 5,27,1905AIDBDD,5,9,8.5,9,8.4,8.3,Passed,
SU2024,SU2024-class 5,28,1905AIFEAH,8.2,9,7.5,9,8.6,8.5,Passed,
SU2024,SU2024-class 5,29,1905AIFGDD,6.8,9,6.5,2,7.4,5.7,Passed,
SU2024,SU2024-class 5,30,1905AIFDAH,9.4,9,10,10,8.8,9.5,Passed,
SU2024,SU2024-class 5,31,1905AGCAGG,2.7,5,4,10,8.4,7.1,Passed,
SU2024,SU2024-class 5,32,1905AIFEJE,7.2,9,8.5,8,7.8,8.1,Passed,
SU2024,SU2024-class 5,33,1905AGJCEJ,0,0,0,0,0,0,Attendance Fail,
SU2024,SU2024-class 5,34,1905AIDAEH,8.8,4,8.5,2,6,5.4,Passed,
SU2024,SU2024-class 5,35,1905AIFBBE,7.8,3,10,0,0,3.1,Not Passed,
SU2025,SU2025-class 1,1,1905BJJEAH,9.7,10,,9.5,7.8,9,Passed,9
SU2025,SU2025-class 1,2,1905AIFCJJ,9.9,6.6,,2.5,8.2,6,Passed,4
SU2025,SU2025-class 1,3,1905AIBACC,8.5,3.4,,0,0,1.8,Not Passed,1
SU2025,SU2025-class 1,4,1905AIJJFI,4.5,3,,5,8,5.3,Passed,3
SU2025,SU2025-class 1,5,1905BJJEHJ,10,8.8,,9.5,9.2,9.5,Passed,10
SU2025,SU2025-class 1,6,1905BJJJGI,9.3,1,,4.5,9.4,6.6,Passed,6
SU2025,SU2025-class 1,7,1905AIFDHA,4.7,1.4,,0,0,1.3,Not Passed,3
SU2025,SU2025-class 1,8,1905AICGEE,1,0,,0,0,0.2,Attendance Fail,0
SU2025,SU2025-class 1,9,1905AHDDFE,1,0,,0,0,0.2,Attendance Fail,0
SU2025,SU2025-class 1,10,1905AHDEJC,1,2,,0,0,0.5,Attendance Fail,1
SU2025,SU2025-class 1,11,1905AIJGCC,5.4,4.3,,0,0,1.4,Attendance Fail,1
SU2025,SU2025-class 1,12,0305AGAFHG,1,0,,0,0,0.2,Attendance Fail,0
SU2025,SU2025-class 1,13,1905AICABE,9.9,9,,2,7.4,6.1,Passed,6
SU2025,SU2025-class 1,14,1905AHEJHI,1,2.8,,0,0,0.6,Not Passed,1
SU2025,SU2025-class 1,15,1905AIJBCC,10,9,,9.5,9.2,9.4,Passed,9
SU2025,SU2025-class 1,16,1905AIFDBF,8.8,5.8,,5,5.6,5.5,Passed,3
SU2025,SU2025-class 1,17,1905BJJDGB,9.9,8.6,,9.5,9.4,8.2,Passed,1
SU2025,SU2025-class 1,18,1905BJJFCG,5.5,6.8,,9.5,8.8,7.9,Passed,6
SU2025,SU2025-class 1,19,1905AIJGIA,10,10,,9,9.4,9.5,Passed,10
SU2025,SU2025-class 1,20,1905BJJFCJ,9.4,9.4,,1.5,0,3.7,Not Passed,6
SU2025,SU2025-class 1,21,1905BJJDAF,9.6,9.6,,9,7.4,8.6,Passed,8.5
SU2025,SU2025-class 1,22,1905AICDIB,9,0.6,,0,0,1.6,Attendance Fail,1
SU2025,SU2025-class 1,23,1905AGAEDG,1,4.6,,0,0,0.8,Attendance Fail,1
SU2025,SU2025-class 1,24,1905AIAJAD,1,8.4,,10,6.2,7.2,Passed,9
SU2025,SU2025-class 1,25,1905AHJJDE,4.7,6,,0,0,1.4,Attendance Fail,1
SU2025,SU2025-class 1,26,1905AGCEDB,1,0,,0,0,0.2,Attendance Fail,0
SU2025,SU2025-class 1,27,1905AHDIGC,4.5,7.2,,0,0,1.5,Attendance Fail,1
SU2025,SU2025-class 1,28,1905BJJDDA,9.8,8,,10,8.2,9.1,Passed,9
SU2025,SU2025-class 1,29,1905BJJEFH,10,8.2,,5,8.6,7.8,Passed,9
SU2025,SU2025-class 1,30,1905AIDEAG,9.9,7.2,,8,5.4,7.7,Passed,10
SU2025,SU2025-class 1,31,1905AIJEID,9.7,5.8,,0,0,3.5,Not Passed,10
SU2025,SU2025-class 1,32,1905AIJEEI,9.7,8.2,,7.5,6.8,7.6,Passed,7
SU2025,SU2025-class 1,33,1905BJDEAJ,9.8,5.3,,0.5,9.4,5.7,Passed,5
SU2025,SU2025-class 1,34,1905BJJDCC,10,9.8,,10,9.6,9.7,Passed,9
SU2025,SU2025-class 1,35,1905AIBGII,9.2,8.6,,9,6.2,7.8,Passed,6.5
SU2025,SU2025-class 2,1,1905BJADFG,8.9,8.2,,2.5,9.6,5.9,Passed,1
SU2025,SU2025-class 2,2,1905BJADIF,7.8,8.2,,0,6.8,5.4,Not Passed,9
SU2025,SU2025-class 2,3,1905BJAHJB,0,6.6,,3,0,1.6,Not Passed,0
SU2025,SU2025-class 2,4,1905BJAGJF,9,10,,8,8.6,8.8,Passed,10
SU2025,SU2025-class 2,5,1905AIBIBA,4.5,7.4,,1.5,5.4,4.5,Not Passed,7
SU2025,SU2025-class 2,6,1905BJAABB,9.8,10,,9.5,10,9.8,Passed,10
SU2025,SU2025-class 2,7,1905AIJCAH,8.9,7.4,,2,8.2,6.2,Passed,7
SU2025,SU2025-class 2,8,1905BJAGBE,9.8,10,,10,9,9.7,Passed,10
SU2025,SU2025-class 2,9,1905BJAJIF,9.5,4.6,,0,0,1.9,Attendance Fail,0
SU2025,SU2025-class 2,10,1905BJJGCD,8.2,8.8,,8.5,8.8,8.8,Passed,10
SU2025,SU2025-class 2,11,1905BJADFJ,9.5,10,,9.5,9.2,9.5,Passed,10
SU2025,SU2025-class 2,12,1905BJADED,8.9,10,,2.5,6,6.4,Passed,10
SU2025,SU2025-class 2,13,1905BJCGBD,9.8,10,,10,9.2,9.7,Passed,10
SU2025,SU2025-class 2,14,1905BJADGF,8.9,10,,10,10,9.8,Passed,10
SU2025,SU2025-class 2,15,1905BJAFEB,9.8,8,,4,8.4,7.5,Passed,10
SU2025,SU2025-class 2,16,1905BJAGAA,0.3,8.2,,3,9,5.6,Passed,7.5
SU2025,SU2025-class 2,17,1905BJAEEF,0,4,,0,0,0.4,Attendance Fail,0
SU2025,SU2025-class 2,18,1905BJJFDA,9.6,8,,9.5,9.4,9.4,Passed,10
SU2025,SU2025-class 2,19,1905BJAJAB,9.8,8.2,,8.5,8.6,8.9,Passed,10
SU2025,SU2025-class 2,20,1905BJAJBH,10,10,,9.5,9.8,9.8,Passed,10
SU2025,SU2025-class 2,21,1905BJCCJJ,8.7,8.8,,1.5,6.8,5.4,Passed,5
SU2025,SU2025-class 2,22,1905BJAJHB,9.3,10,,9.5,9.4,9.6,Passed,10
SU2025,SU2025-class 2,23,1905AIFGBI,0,8,,0,0,0.8,Not Passed,0
SU2025,SU2025-class 2,24,1905BJAEJG,9.3,10,,9.5,10,9.7,Passed,10
SU2025,SU2025-class 2,25,1905BJADHE,5.9,10,,0,0,1.9,Not Passed,0
SU2025,SU2025-class 2,26,1905BJADJG,9.3,10,,9.5,5.8,8.3,Passed,9
SU2025,SU2025-class 2,27,0305AHJDBD,8.9,7.4,,5.5,6.6,7.2,Passed,10
SU2025,SU2025-class 2,28,1905BJJICB,9.8,10,,10,9.2,9.7,Passed,10
SU2025,SU2025-class 2,29,1905BJJFIH,9.3,8,,0.5,9,5.8,Passed,5
SU2025,SU2025-class 2,30,1905BJAJAD,10,10,,9.5,10,9.9,Passed,10
SU2025,SU2025-class 2,31,1905BJJICD,9.5,10,,9.5,9.4,9.6,Passed,10
SU2025,SU2025-class 2,32,1905BJAFAI,9.8,10,,10,9.8,9.9,Passed,10
SU2025,SU2025-class 2,33,1905BJJIJG,0.3,8.8,,9,6.6,7.1,Passed,10
SU2025,SU2025-class 2,34,1905BJJIEE,2.5,6.6,,0,0,1.3,Not Passed,2
SU2025,SU2025-class 2,35,1905BJJGJD,8.9,8,,5.5,8.4,7.8,Passed,10
SU2025,SU2025-class 3,1,1905BJCIFJ,10,10,,6,7.2,8,Passed,10
SU2025,SU2025-class 3,2,1905BJCIDJ,9.6,9.8,,4.5,8.4,7.8,Passed,9.9
SU2025,SU2025-class 3,3,1905BJDJDI,10,10,,8,6,8.2,Passed,10
SU2025,SU2025-class 3,4,1905BJCECC,7.8,8,,5,8.6,7.5,Passed,9.4
SU2025,SU2025-class 3,5,1905BJCFHH,10,10,,9.5,9.8,9.8,Passed,10
SU2025,SU2025-class 3,6,1905BJCGAB,8.5,7.8,,0,0,3.6,Attendance Fail,10
SU2025,SU2025-class 3,7,1905BJAICI,9.9,9.8,,3,8.8,7.5,Passed,10
SU2025,SU2025-class 3,8,1905BJCGAH,10,9.8,,2,9,7.3,Passed,10
SU2025,SU2025-class 3,9,1905BJCFHC,9.9,9.7,,7,8.8,8.7,Passed,10
SU2025,SU2025-class 3,10,1905BJCEFD,8.7,9.5,,4,9.2,7.6,Passed,9.3
SU2025,SU2025-class 3,11,1905AHDHDE,0.1,0.5,,0,0,0.1,Attendance Fail,0.1
SU2025,SU2025-class 3,12,1905AIDGCF,10,9.9,,10,6.4,8.9,Passed,10
SU2025,SU2025-class 3,13,1905BJAHHI,10,9.9,,7,7.2,8.3,Passed,10
SU2025,SU2025-class 3,14,1905BJJFHC,9.6,9.7,,8,8.6,8.9,Passed,10
SU2025,SU2025-class 3,15,1905BJBJGJ,8.4,8.7,,7,8.8,8.4,Passed,10
SU2025,SU2025-class 3,16,1905BJCCDI,9.9,9.7,,0,0,4,Not Passed,10
SU2025,SU2025-class 3,17,1905BJCIJE,9.9,10,,10,9.8,9.9,Passed,10
SU2025,SU2025-class 3,18,1905BJCBFC,8.9,8.4,,4.5,7.8,7.4,Passed,10
SU2025,SU2025-class 3,19,1905BJCHBB,10,10,,8,9.4,9.2,Passed,10
SU2025,SU2025-class 3,20,1905BJDJGC,7.9,8.2,,0,5.8,5,Not Passed,8.4
SU2025,SU2025-class 3,21,1905BJCCGG,10,10,,9.5,7,9,Passed,10
SU2025,SU2025-class 3,22,1905BJDACH,10,9.9,,6.5,6.2,7.8,Passed,10
SU2025,SU2025-class 3,23,1905BJCGJB,9.1,9.6,,2.5,8.2,7,Passed,10
SU2025,SU2025-class 3,24,1905BJCJDD,10,9.9,,9.5,9.6,9.7,Passed,10
SU2025,SU2025-class 3,25,1905AGCBHE,9.2,9,,1,7.8,6.4,Passed,10
SU2025,SU2025-class 3,26,1905BJCCFA,9.3,9.7,,2,9,7.2,Passed,10
SU2025,SU2025-class 3,27,1905BJAHHC,10,10,,10,9.4,9.8,Passed,10
SU2025,SU2025-class 3,28,1905BJCEBD,10,10,,10,10,10,Passed,10
SU2025,SU2025-class 3,29,1905BJDACF,10,10,,9.5,9,9.6,Passed,10
SU2025,SU2025-class 3,30,1905AIFFEB,0.3,1.4,,0,0,0.2,Attendance Fail,0.3
SU2025,SU2025-class 3,31,1905BJCFDJ,10,10,,10,9.8,9.9,Passed,10
SU2025,SU2025-class 3,32,1905BJJIFJ,10,10,,10,9.2,9.8,Passed,10
SU2025,SU2025-class 3,33,1905BJCEJE,8.6,8.2,,4.5,6,6.8,Passed,10
SU2025,SU2025-class 3,34,1905BJCBIB,8.8,9.2,,3,9.8,7.6,Passed,10
SU2025,SU2025-class 3,35,1905AIBGGB,9.7,9.5,,7.5,8.6,8.7,Passed,10
SU2025,SU2025-class 4,1,1905BJDHAG,4.7,0,,0,0,0.7,Not Passed,0
SU2025,SU2025-class 4,2,1905BJDFAH,8.6,9.7,,3.5,4.8,5.3,Passed,4
SU2025,SU2025-class 4,3,1905BJEBFB,9.1,10,,4.5,6.4,6.2,Passed,4
SU2025,SU2025-class 4,4,1905BJDCFI,6.6,9.3,,5,6.6,5.5,Passed,1
SU2025,SU2025-class 4,5,1905BJDBJA,8.2,9.6,,3,7.4,5.9,Passed,4
SU2025,SU2025-class 4,6,1905BJEADH,9.1,7.3,,1.5,8.6,5.7,Passed,4
SU2025,SU2025-class 4,7,1905BJDECI,0,1,,0,0,0.1,Attendance Fail,0
SU2025,SU2025-class 4,8,1905BJECBF,3.7,8.2,,0,6.2,3.4,Not Passed,1
SU2025,SU2025-class 4,9,1905AIBBCJ,9.6,9.8,,5.5,7.6,6.5,Passed,1
SU2025,SU2025-class 4,10,1905BJDEBC,9.1,9.4,,5.5,8,6.5,Passed,1
SU2025,SU2025-class 4,11,1905BJDCCD,4.7,9.8,,6.5,7.2,5.9,Passed,1
SU2025,SU2025-class 4,12,1905BJDEGF,5,10,,9,6.2,7.5,Passed,8
SU2025,SU2025-class 4,13,1905BJDGGE,9.7,9.8,,2.5,7.4,6.2,Passed,5
SU2025,SU2025-class 4,14,1905BJDCJA,4,3.8,,0,0,1,Attendance Fail,0
SU2025,SU2025-class 4,15,1905BJDBCD,0,4,,0,0,0.4,Attendance Fail,0
SU2025,SU2025-class 4,16,1905BJDCGJ,0,0,,0,0,0,Attendance Fail,0
SU2025,SU2025-class 4,17,1905BJJFFF,10,10,,10,9,8.8,Passed,4
SU2025,SU2025-class 4,18,1905BJDADG,4.2,5.4,,0,0,1.2,Attendance Fail,0
SU2025,SU2025-class 4,19,1905BJEAGH,9.2,9.5,,6.5,9,8.2,Passed,8
SU2025,SU2025-class 4,20,1905BJEBGI,9.6,10,,4.5,8,6.8,Passed,4
SU2025,SU2025-class 4,21,1905BJDGIH,4,2.5,,2.5,5.6,3.4,Not Passed,1
SU2025,SU2025-class 4,22,1905BJDEIC,8.6,9.8,,2,7.2,5.8,Passed,5
SU2025,SU2025-class 4,23,1905AIBIAE,9.6,3.8,,1.5,9.6,5.9,Passed,5
SU2025,SU2025-class 4,24,1905BJDAGE,0,0,,0,0,0,Attendance Fail,0
SU2025,SU2025-class 4,25,1905BJEBGD,9.4,10,,9,8.8,7.9,Passed,1
SU2025,SU2025-class 4,26,1905BJDBIG,10,9.8,,10,0,7,Not Passed,10
SU2025,SU2025-class 4,27,1905AHDAID,0,1,,0,0,0.1,Attendance Fail,0
SU2025,SU2025-class 4,28,1905BJDBFD,9.2,10,,8,8.6,8.3,Passed,6
SU2025,SU2025-class 4,29,1905BJEBFD,9.7,0,,0,6,3.9,Not Passed,4
SU2025,SU2025-class 4,30,1905AIBEIJ,9.9,9.3,,10,5.2,8,Passed,7
SU2025,SU2025-class 4,31,1905AHDEFB,9.1,10,,4,9.4,7.8,Passed,9.5
SU2025,SU2025-class 4,32,1905BJDHEC,9.9,9.4,,2.5,6.6,5.7,Passed,4
SU2025,SU2025-class 4,33,1905BJEBEC,8.1,9.8,,0,0,2.8,Not Passed,4
SU2025,SU2025-class 4,34,1905BJDCBH,4.9,8.2,,0,0,1.7,Attendance Fail,1
SU2025,SU2025-class 4,35,1905BJJIGG,9.6,10,,4,9.8,7.9,Passed,9
SU2025,SU2025-class 5,1,1905BJADJH,9.8,10,,6.5,9.6,8.5,Passed,8
SU2025,SU2025-class 5,2,1905BJCBEE,9.8,10,,7.5,8.2,8.6,Passed,9.8
SU2025,SU2025-class 5,3,1905BJAHIJ,9,7,,10,9.4,9.1,Passed,8
SU2025,SU2025-class 5,4,1905AICEEA,6.8,7.2,,0,0,3.1,Not Passed,9
SU2025,SU2025-class 5,5,1905BJADJA,7.8,5,,0,6,4.6,Not Passed,7.5
SU2025,SU2025-class 5,6,1905AIFEJJ,7.8,7.9,,6,6.4,6.7,Passed,7
SU2025,SU2025-class 5,7,1905BJDHCC,8.3,9.6,,9.5,8.2,8.9,Passed,9
SU2025,SU2025-class 5,8,1905BJCJCH,9.8,9.5,,9.5,9.2,9.4,Passed,9.5
SU2025,SU2025-class 5,9,1905BJCEHH,9.5,10,,10,9.4,9.7,Passed,9.8
SU2025,SU2025-class 5,10,1905BJCHAC,9.3,10,,10,8.8,9.5,Passed,9.8
SU2025,SU2025-class 5,11,1905BJDCDD,0,0,,0,0,0,Not Passed,0
SU2025,SU2025-class 5,12,1905BJDHFA,7.8,9.6,,1.5,5.4,5.6,Passed,9.3
SU2025,SU2025-class 5,13,1905BJDEAF,8.8,8.6,,10,7.8,8.7,Passed,8
SU2025,SU2025-class 5,14,1905BJDFCE,7.5,10,,2.5,7,6.4,Passed,9.3
SU2025,SU2025-class 5,15,1905BJCADG,0,0,,0,0,0,Attendance Fail,0
SU2025,SU2025-class 5,16,1905AHBAIJ,8,9.6,,0,0,3.5,Not Passed,8.8
SU2025,SU2025-class 5,17,1905BJADFD,9.5,10,,10,9.8,9.8,Passed,9.3
SU2025,SU2025-class 5,18,1905BJADGJ,10,9.8,,9,9.8,9.5,Passed,9.3
SU2025,SU2025-class 5,19,1905BJCHAE,9.8,10,,8,9.8,9.3,Passed,9.8
SU2025,SU2025-class 5,20,1905BJCADJ,10,9.6,,9.5,9.6,9.6,Passed,9.5
SU2025,SU2025-class 5,21,1905BJCGHH,8.3,9.6,,2,5.8,6,Passed,10
SU2025,SU2025-class 5,22,1905BJDJDC,9,7.4,,0,0,3.2,Not Passed,7.5
SU2025,SU2025-class 5,23,1905BJDDGD,10,9.6,,9,9,9.2,Passed,9
SU2025,SU2025-class 5,24,1905BJDCIB,9.8,6.4,,2,8.8,6.7,Passed,8.8
SU2025,SU2025-class 5,25,1905BJDFEJ,9.5,8.6,,5,8.8,7.8,Passed,9.3
SU2025,SU2025-class 5,26,1905BJECAG,9.5,8.6,,5,7.6,7.5,Passed,9.3
SU2025,SU2025-class 5,27,1905BJCBJI,8.8,7.4,,8,8.4,8.4,Passed,9.5
SU2025,SU2025-class 5,28,1905BJCIFF,10,10,,5.5,8.2,7.9,Passed,8.8
SU2025,SU2025-class 5,29,1905BJAEHJ,10,10,,9.5,9.8,9.7,Passed,9.3
SU2025,SU2025-class 5,30,1905BJAFJG,9.8,9.4,,7.5,9.4,8.9,Passed,9.3
SU2025,SU2025-class 5,31,1905AIDGIG,8.5,8,,4,4,5.9,Passed,9.3
SU2025,SU2025-class 5,32,1905BJEJHJ,10,9.8,,8,8.8,8.9,Passed,9.3
SU2025,SU2025-class 6,1,1905BJEJJI,0,4,,0,0,0.4,Attendance Fail,0
SU2025,SU2025-class 6,2,1905AIJAGB,8.1,10,,5,9.6,7.9,Passed,8.5
SU2025,SU2025-class 6,3,1905BJCEHC,8.9,10,,8.5,9.6,9.3,Passed,10
SU2025,SU2025-class 6,4,1905AIBHHD,9,9.6,,6.5,8.4,8.3,Passed,10
SU2025,SU2025-class 6,5,1905BJEBBB,3.2,0,,0,0,0.5,Attendance Fail,0
SU2025,SU2025-class 6,6,1905AGBHGD,8.6,8.4,,6.5,6.2,7.4,Passed,10
SU2025,SU2025-class 6,7,1905AHCHGG,9.1,9.2,,5,7.2,6.8,Passed,5.5
SU2025,SU2025-class 6,8,1905AHDBAF,0,0,,0,0,0,Attendance Fail,0
SU2025,SU2025-class 6,9,1905AIJHAJ,5.7,8.6,,3,8,6.5,Passed,10
SU2025,SU2025-class 6,10,1905AIDADI,8,8.8,,2.5,6.2,6.2,Passed,10
SU2025,SU2025-class 6,11,1905AIBFJA,6.4,9.2,,4.5,5.2,5.3,Passed,3.5
SU2025,SU2025-class 6,12,1905AIBJIC,8.2,8,,1.5,5.6,5.4,Passed,8
SU2025,SU2025-class 6,13,1905AICCHJ,2.7,1.4,,0,0,0.5,Attendance Fail,0
SU2025,SU2025-class 6,14,1905AHDAEC,6.7,1.6,,0,0,2.4,Attendance Fail,8
SU2025,SU2025-class 6,15,1905AIBGJD,0,2,,0,0,0.2,Attendance Fail,0
SU2025,SU2025-class 6,16,1905BJJDJG,9.2,8.6,,10,8.2,9.1,Passed,9
SU2025,SU2025-class 6,17,1905AIJGED,8.1,9.6,,6.5,8.6,8.2,Passed,10
SU2025,SU2025-class 6,18,1905AHDHIJ,9.1,8.8,,6,8.4,8.1,Passed,10
SU2025,SU2025-class 6,19,1905BJJIJA,9.7,8.8,,9.5,9.6,9.6,Passed,10
SU2025,SU2025-class 6,20,1905AHBGHF,3.9,0,,0,0,0.6,Attendance Fail,0
SU2025,SU2025-class 6,21,1905AHDAFF,3.9,8.8,,0,0,3,Is Susspended,10
SU2025,SU2025-class 6,22,1905AHAGIE,9.5,10,,9.5,9.8,9.7,Passed,10
SU2025,SU2025-class 6,23,1905AGBHGF,0,0,,0,0,0,Attendance Fail,0
SU2025,SU2025-class 6,24,1905AICBCA,8.5,10,,8,9.4,9,Passed,10
SU2025,SU2025-class 6,25,1905AIBDCA,0,0,,0,0,0,Attendance Fail,0
SU2025,SU2025-class 6,26,1905AIFBBE,8.1,9.6,,0,7,5.8,Not Passed,10
