Mã học kỳ,Mã lớp,NO.,CODE,LABS-10,ASSIGNMENTS-10,FINAL EXAM-40,TOTAL,STATUS
FA2022,FA2022-class 1,1,1905AGAJAC,8.1,5,7.4,7.4,Passed
FA2022,FA2022-class 1,2,1905AGACHF,8.8,9.5,9.4,9.2,Passed
FA2022,FA2022-class 1,3,1905AGABCJ,7.5,7.3,8.6,8.2,Passed
FA2022,FA2022-class 1,4,1905AGJJCI,7.5,0,0,3.4,Not Passed
FA2022,FA2022-class 1,5,1905AGABIB,7.5,8.5,7.2,7.5,Passed
FA2022,FA2022-class 1,6,0805AGIJAF,10,5,8.4,8.6,Passed
FA2022,FA2022-class 1,7,1905AGJJGE,7.5,8.5,8.6,8.3,Passed
FA2022,FA2022-class 1,8,1905AGAAGG,8.8,6.3,9,8.8,Passed
FA2022,FA2022-class 1,9,1905AGJEGJ,8.8,8.5,8.8,8.5,Passed
FA2022,FA2022-class 1,10,1905AGAGGJ,8.8,2.5,6.4,7.2,Passed
FA2022,FA2022-class 1,11,1905AGAJBF,6.3,6.3,8.2,7.8,Passed
FA2022,FA2022-class 1,12,1905AGAJHG,8.8,7.3,9.2,9.1,Passed
FA2022,FA2022-class 1,13,1905AGAJBH,8.8,9.5,9.4,9.1,Passed
FA2022,FA2022-class 1,14,1905AGAAAI,8.1,5,7.4,7.4,Passed
FA2022,FA2022-class 1,15,1905AGAJGJ,8.8,5.5,8.4,6.8,Passed
FA2022,FA2022-class 1,16,1905AGAJBE,8.8,6,7.6,7.6,Passed
FA2022,FA2022-class 1,17,1905AGJAFB,8.1,6,8.2,8.1,Passed
FA2022,FA2022-class 1,18,1905AGJCJG,7.5,5,7.4,7.5,Passed
FA2022,FA2022-class 1,19,1905AGJBJI,10,6,8.8,9,Passed
FA2022,FA2022-class 1,20,1905AGABJJ,4.4,1.5,0,1.7,Not Passed
FA2022,FA2022-class 1,21,1905AGJJHG,7.5,5,8,7.7,Passed
FA2022,FA2022-class 1,22,1905AGAAIJ,8.1,6.3,8.2,8.3,Passed
FA2022,FA2022-class 1,23,1905AGJBIC,10,8.5,8.6,8.9,Passed
FA2022,FA2022-class 1,24,1905AGJJEF,8.1,6,9.4,8.7,Passed
FA2022,FA2022-class 1,25,1905AGAIEA,7.5,3.8,7.6,7.7,Passed
FA2022,FA2022-class 1,26,1905AGACED,8.8,8.5,9.2,8.9,Passed
FA2022,FA2022-class 1,27,1905AGABEG,7.5,5,7.8,7.5,Passed
FA2022,FA2022-class 1,28,1905AGAABE,8.8,8.5,6.6,7.6,Passed
FA2022,FA2022-class 1,29,1905AGJDDE,6.3,5,7.6,6.9,Passed
FA2022,FA2022-class 2,1,1905AGAHJC,10,10,7.8,9.1,Passed
FA2022,FA2022-class 2,2,1905AGBEEG,10,10,7.8,9.1,Passed
FA2022,FA2022-class 2,3,1905AFAAEA,9.5,10,5.2,7.6,Passed
FA2022,FA2022-class 2,4,1905AGCDHG,10,10,9,9.6,Passed
FA2022,FA2022-class 2,5,1905AGACGH,10,10,5,7.6,Passed
FA2022,FA2022-class 2,6,1905AGAHDI,10,10,8.6,9.4,Passed
FA2022,FA2022-class 2,7,1905AGBJDG,10,10,7.8,8.8,Passed
FA2022,FA2022-class 2,8,1905AGBBCF,10,10,8,9.1,Passed
FA2022,FA2022-class 2,9,1905AGAGJI,9.3,10,7.6,8.5,Passed
FA2022,FA2022-class 2,10,1905AGAHAD,10,10,8.2,9,Passed
FA2022,FA2022-class 2,11,1905AGBCGJ,10,10,8.8,9.3,Passed
FA2022,FA2022-class 2,12,1905AGACHG,10,10,6.4,8.4,Passed
FA2022,FA2022-class 2,13,1905AGBJFE,9.2,10,7.8,8.8,Passed
FA2022,FA2022-class 2,14,1905AGBCBE,9.8,10,8,9.1,Passed
FA2022,FA2022-class 2,15,1905AGBCDG,10,10,8.6,9.4,Passed
FA2022,FA2022-class 2,16,1905AGAJHE,9.8,10,8.6,9.4,Passed
FA2022,FA2022-class 2,17,1905AGADGF,9.3,10,8,8.8,Passed
FA2022,FA2022-class 2,18,1905AGACHE,10,10,7.6,8.8,Passed
FA2022,FA2022-class 2,19,1905AGACHH,10,10,6.2,7.6,Passed
FA2022,FA2022-class 2,20,1905AGBFBI,10,10,5,7.7,Passed
FA2022,FA2022-class 2,21,1905AGBBBG,10,10,7.2,8.6,Passed
FA2022,FA2022-class 2,22,1905AGAIAI,10,10,7.2,8.9,Passed
FA2022,FA2022-class 2,23,1905AGBCFI,10,10,5,7.8,Passed
FA2022,FA2022-class 2,24,1905AGAHFA,10,10,6,8.3,Passed
FA2022,FA2022-class 2,25,1905AGBJJG,10,10,8.6,9.4,Passed
FA2022,FA2022-class 2,26,1905AGBJCF,9.3,10,6.2,8.2,Passed
FA2022,FA2022-class 2,27,1905AGBDAG,10,10,7.2,8.8,Passed
FA2022,FA2022-class 2,28,1905AFAIGH,9.3,10,5.8,7.8,Passed
FA2022,FA2022-class 3,1,1905AFACGI,9.5,10,6.8,8.4,Passed
FA2022,FA2022-class 3,2,1905AFAJIF,9.5,10,5.8,7.9,Passed
FA2022,FA2022-class 3,3,1905AGCADG,10,10,7.6,9,Passed
FA2022,FA2022-class 3,4,1905AFJDBF,9.5,10,6.4,8.4,Passed
FA2022,FA2022-class 3,5,1905AFJAHG,10,10,9,9.6,Passed
FA2022,FA2022-class 3,6,1905AGBIII,10,10,8.4,9.2,Passed
FA2022,FA2022-class 3,7,1905AGBHAF,8,10,0,5.3,Not Passed
FA2022,FA2022-class 3,8,1905AFJAFH,10,10,8.2,9.3,Passed
FA2022,FA2022-class 3,9,1905AEJGEB,10,10,5,7,Passed
FA2022,FA2022-class 3,10,1905AGCJGD,8,10,6,7.8,Passed
FA2022,FA2022-class 3,11,1905AGCJEC,9.5,10,5.6,8,Passed
FA2022,FA2022-class 3,12,1905AGBHGG,9.2,10,8.4,9.1,Passed
FA2022,FA2022-class 3,13,1905AFJBDC,10,10,5.6,8.2,Passed
FA2022,FA2022-class 3,14,1905AGCJHJ,10,10,7.8,9.1,Passed
FA2022,FA2022-class 3,15,1905AFJJDA,10,10,7,8.8,Passed
FA2022,FA2022-class 3,16,1905AGCCCI,8,10,4.8,7.2,Passed
FA2022,FA2022-class 3,17,1905AGCCEB,8,10,0,4.3,Attendance Fail
FA2022,FA2022-class 3,18,1905AGCJHB,10,10,8.2,9.3,Passed
FA2022,FA2022-class 3,19,1905AGBIBB,10,10,7.6,9,Passed
FA2022,FA2022-class 3,20,1905AGBIDB,10,10,9.2,9.7,Passed
FA2022,FA2022-class 3,21,1905AFAAJC,9.2,10,7.4,8.5,Passed
FA2022,FA2022-class 3,22,1905AFJJFI,10,10,8.6,9.4,Passed
FA2022,FA2022-class 3,23,1905AGBIFG,9.5,10,0,4.1,Attendance Fail
FA2022,FA2022-class 3,24,1905AFJJED,10,10,4.4,7.8,Passed
FA2022,FA2022-class 3,25,1905AFJDBH,9.8,10,5.6,8.1,Passed
FA2022,FA2022-class 3,26,1905AGCEJF,9.2,10,6.2,8.2,Passed
FA2022,FA2022-class 3,27,1905AGCJAD,9.2,10,7.4,8.7,Passed
FA2022,FA2022-class 3,28,1905AGBHDJ,10,10,5.4,7.9,Passed
FA2022,FA2022-class 3,29,1905AGCEGG,8.7,10,7,8.2,Passed
FA2022,FA2022-class 4,1,1905AFJHIA,8.3,1,7.8,7.5,Passed
FA2022,FA2022-class 4,2,1905AFBJBF,7.8,5,7.2,7.6,Passed
FA2022,FA2022-class 4,3,1905AFJDIA,9.5,7,8.4,8.4,Passed
FA2022,FA2022-class 4,4,1905AFAHDI,7.8,2,4,6.1,Passed
FA2022,FA2022-class 4,5,1905AFJCCB,8.3,5,7.6,7.7,Passed
FA2022,FA2022-class 4,6,1905AFJHHE,8.3,1,5.2,6.5,Passed
FA2022,FA2022-class 4,7,1905AFABAD,7.8,1,7,7.1,Passed
FA2022,FA2022-class 4,8,1905AFAJGG,9.5,2.5,8.6,8.5,Passed
FA2022,FA2022-class 4,9,1905AFBAEH,8.3,5,6.6,7.6,Passed
FA2022,FA2022-class 4,10,1905AGAGJC,7.5,3.5,6,6.3,Passed
FA2022,FA2022-class 4,11,1905AFAAJA,8.3,5,6,7.4,Passed
FA2022,FA2022-class 4,12,1905AFAIFJ,10,10,8.4,9.4,Passed
FA2022,FA2022-class 4,13,1905AFBAJD,7.8,7,7.6,7.9,Passed
FA2022,FA2022-class 4,14,1905AFAJJE,9.5,6,7.8,8.4,Passed
FA2022,FA2022-class 4,15,1905AFJIGB,10,10,9.4,9.8,Passed
FA2022,FA2022-class 4,16,1905AFJDDI,9.5,7,7,8.1,Passed
FA2022,FA2022-class 4,17,1905AFAHJI,10,9.5,8.8,9.5,Passed
FA2022,FA2022-class 4,18,1905AFJECA,10,6,7.2,8.2,Passed
FA2022,FA2022-class 4,19,1905AFJEED,6.7,6,7.2,7,Passed
FA2022,FA2022-class 4,20,1905AFABCE,10,6,8.4,8.7,Passed
FA2022,FA2022-class 4,21,1905AFADCB,8.3,5,8.6,8.3,Passed
FA2022,FA2022-class 4,22,1905AFAFCF,9.8,8.5,4,7.3,Passed
FA2023,FA2023-class 1,1,1905AGACJJ,5,5,6.4,6.5,Passed
FA2023,FA2023-class 1,2,1905AGJEHH,10,5,6,7.8,Passed
FA2023,FA2023-class 1,3,1905AGJCGE,10,8,8.2,9.1,Passed
FA2023,FA2023-class 1,4,1905AGAIEB,10,4.5,5.4,7.5,Passed
FA2023,FA2023-class 1,5,1905AGAJEB,10,0,7.6,8,Not Passed
FA2023,FA2023-class 1,6,1905AHAHCG,10,5,8,8.7,Passed
FA2023,FA2023-class 1,7,1905AGADJA,10,6,7.4,8.6,Passed
FA2023,FA2023-class 1,8,1905AGAEFB,10,4.5,4.4,7.1,Passed
FA2023,FA2023-class 1,9,1905AGAEII,10,6.5,6.2,8.1,Passed
FA2023,FA2023-class 1,10,1905AFAHJA,10,4.5,5,7.5,Passed
FA2023,FA2023-class 1,11,1905AHCCDE,10,5.5,8.6,9,Passed
FA2023,FA2023-class 1,12,1905AGAABD,10,8,7.4,8.8,Passed
FA2023,FA2023-class 1,13,1905AGAGGC,10,6,6.2,8,Passed
FA2023,FA2023-class 1,14,1905AGBCEF,10,4.5,5.2,7.4,Passed
FA2023,FA2023-class 1,15,1905AGAGCC,10,4.5,6.6,8.1,Passed
FA2023,FA2023-class 1,16,1905AGJEBB,10,5,8.4,8.9,Passed
FA2023,FA2023-class 1,17,1905AGAJEI,10,7,7.4,8.7,Passed
FA2023,FA2023-class 1,18,1905AGBAIE,10,7,7.6,8.7,Passed
FA2023,FA2023-class 1,19,1905AGJEJG,10,8,8.8,9.3,Passed
FA2023,FA2023-class 1,20,1905AGJEJI,10,4.5,7.8,8.5,Passed
FA2023,FA2023-class 1,21,1905AGJACF,10,8,9,9.4,Passed
FA2023,FA2023-class 1,22,1905AGACJI,10,6,6.2,8.1,Passed
FA2023,FA2023-class 1,23,1905AGBABF,10,5,5.2,7.4,Passed
FA2023,FA2023-class 1,24,1905AGAGBJ,10,4.5,5.6,7.7,Passed
FA2023,FA2023-class 1,25,1905AGCDFB,10,5,5.2,7.5,Passed
FA2023,FA2023-class 1,26,1905AGADCG,10,5.5,8.8,9,Passed
FA2023,FA2023-class 1,27,1905AGAEHC,10,4.5,8.6,8.9,Passed
FA2023,FA2023-class 1,28,1905AGJCDJ,10,7.5,8.4,9.1,Passed
FA2023,FA2023-class 1,29,1905AGAEJF,10,4,6.2,7.8,Passed
FA2023,FA2023-class 2,1,1905AHJJHC,8.1,9,8.4,8.6,Passed
FA2023,FA2023-class 2,2,1905AHAEDF,8,8,5.2,7.1,Passed
FA2023,FA2023-class 2,3,1905AHJJID,8.2,8,8.6,8.6,Passed
FA2023,FA2023-class 2,4,1905AHJJCI,8.3,8,8,8.4,Passed
FA2023,FA2023-class 2,5,1905AHAEEE,8.7,8.5,8,8.6,Passed
FA2023,FA2023-class 2,6,1905AHJCAA,8.5,8,6.6,7.9,Passed
FA2023,FA2023-class 2,7,1905AGBEFC,8.2,8.5,7.6,8.3,Passed
FA2023,FA2023-class 2,8,1905AFBAAF,8.2,8.5,7.8,8.3,Passed
FA2023,FA2023-class 2,9,1905AGCACB,8,8,8.6,8.3,Passed
FA2023,FA2023-class 2,10,1905AHJGCF,9.2,9,7,8.5,Passed
FA2023,FA2023-class 2,11,1905AHBBHD,8.8,8.5,7.2,8.3,Passed
FA2023,FA2023-class 2,12,1905AHJJHG,8.3,8.5,7.4,8.2,Passed
FA2023,FA2023-class 2,13,1905AHAFHG,9.3,9,7.6,8.7,Passed
FA2023,FA2023-class 2,14,1905AGCDCD,8,8,5.4,7.1,Passed
FA2023,FA2023-class 2,15,1905AHAFJA,8.6,8.5,5.4,7.5,Passed
FA2023,FA2023-class 2,16,1905AGBFIB,8,8,7.2,8,Passed
FA2023,FA2023-class 2,17,1905AHJBJC,8.6,8.5,8.6,8.8,Passed
FA2023,FA2023-class 2,18,1905AGBEBC,8.8,8.5,7.8,8.5,Passed
FA2023,FA2023-class 2,19,1905AGCDFD,8.8,9,9,9.1,Passed
FA2023,FA2023-class 2,20,1905AHAHCC,8.3,8,6.4,7.6,Passed
FA2023,FA2023-class 2,21,1905AGCBIE,8.6,9,8.8,8.7,Passed
FA2023,FA2023-class 2,22,1905AGCEIA,8.3,8,5.2,7.3,Passed
FA2023,FA2023-class 3,1,1905AHBDGA,8.8,9,8.6,8.9,Passed
FA2023,FA2023-class 3,2,1905AHBEFG,8.7,9,9.2,9.1,Passed
FA2023,FA2023-class 3,3,1905AHBDID,8,8,5.6,7.2,Passed
FA2023,FA2023-class 3,4,1905AHCCJA,8.6,8.5,7.8,8.5,Passed
FA2023,FA2023-class 3,5,1905AHCADF,8.2,8,5.2,7.2,Passed
FA2023,FA2023-class 3,6,1905AHCAFE,8,8,5.2,7.1,Passed
FA2023,FA2023-class 3,7,1905AHBFEJ,8,8,4.6,6.9,Passed
FA2023,FA2023-class 3,8,1905AHCBAJ,8.3,9,7.6,8.3,Passed
FA2023,FA2023-class 3,9,1905AHDHHC,8.5,9,8.8,8.8,Passed
FA2023,FA2023-class 3,10,1905AHBAFF,8.4,9,9,8.9,Passed
FA2023,FA2023-class 3,11,1905AHAHDB,8.3,8,7.8,8.3,Passed
FA2023,FA2023-class 3,12,1905AHBGAA,8.3,8.5,7,8,Passed
FA2023,FA2023-class 3,13,1905AHCJJJ,8,8,9,8.8,Passed
FA2023,FA2023-class 3,14,1905AHCJII,8.7,9.5,7.6,8.5,Passed
FA2023,FA2023-class 3,15,1905AHCJJE,8.7,8.5,8.6,8.9,Passed
FA2023,FA2023-class 3,16,1905AHCBHJ,8.2,8,7.2,7.9,Passed
FA2023,FA2023-class 3,17,1905AHBHCG,8,8,6.4,7.6,Passed
FA2023,FA2023-class 3,18,1905AHCJJA,8,8.5,6.8,7.9,Passed
FA2023,FA2023-class 3,19,1905AHBIJE,8.5,9,9.4,9.1,Passed
FA2023,FA2023-class 3,20,1905AHCJBH,8,8,7.8,8.2,Passed
FA2023,FA2023-class 3,21,1905AHAIHC,8,8,6.2,7.5,Passed
FA2023,FA2023-class 3,22,1705AGJAGF,8.5,9,7,8.2,Passed
FA2023,FA2023-class 3,23,1905AHBDJB,8.5,8,6,7.6,Passed
FA2023,FA2023-class 3,24,1905AHCCHF,8.2,8,4.4,6.9,Passed
FA2023,FA2023-class 3,25,1905AHBHHG,8.8,9,7.6,8.5,Passed
FA2023,FA2023-class 3,26,1905AHCBBI,8,8,8,8.2,Passed
FA2023,FA2023-class 3,27,1905AHCBBB,8.3,9,6,7.5,Passed
FA2023,FA2023-class 3,28,1905AHBDAG,9.1,9.5,8.2,8.9,Passed
FA2023,FA2023-class 3,29,1905AHJJJG,9.2,9.5,9.6,9.5,Passed
FA2023,FA2023-class 3,30,1905AGJBDI,8.5,9,8.6,8.8,Passed
FA2023,FA2023-class 3,31,1905AHCAEI,8,8,5.6,7.2,Passed
FA2023,FA2023-class 3,32,1905AHCAGJ,8.4,9,7,8.1,Passed
FA2023,FA2023-class 3,33,1905AHCJIB,8.5,9,9,9,Passed
FA2023,FA2023-class 3,34,1905AHBDAB,8.2,8,7.4,8.1,Passed
FA2023,FA2023-class 3,35,1905AHCBDI,8.5,9,8.2,8.7,Passed
FA2023,FA2023-class 4,1,1905AHEJCD,10,4.5,7.6,8.4,Passed
FA2023,FA2023-class 4,2,1905AHDAAG,10,4.5,6.6,8,Passed
FA2023,FA2023-class 4,3,1905AHJJAH,10,4.5,8.2,8.7,Passed
FA2023,FA2023-class 4,4,1905AHAEBG,10,6,9.4,9.3,Passed
FA2023,FA2023-class 4,5,1905AHCEEH,10,5,8.2,8.7,Passed
FA2023,FA2023-class 4,6,1905AHCIGC,10,4.5,8.2,8.6,Passed
FA2023,FA2023-class 4,7,1905AHCIIE,10,8,9,9.4,Passed
FA2023,FA2023-class 4,8,1905AGCABC,10,5,7.2,8.3,Passed
FA2023,FA2023-class 4,9,1905AGBEBI,10,6,9,9.2,Passed
FA2023,FA2023-class 4,10,1905AGAIDD,10,4.5,8,8.5,Passed
FA2023,FA2023-class 4,11,1905AGAGAE,10,4.5,6.6,8.1,Passed
FA2023,FA2023-class 4,12,1905AHCCGC,10,4,7,8,Passed
FA2023,FA2023-class 4,13,1905AHDJFC,10,4.5,7.2,8.3,Passed
FA2023,FA2023-class 4,14,1905AHDAJB,10,6,7,8.4,Passed
FA2023,FA2023-class 4,15,1905AHDHJI,10,4,5.4,7.3,Passed
FA2023,FA2023-class 4,16,1905AHEABJ,10,4.5,5.4,7.2,Passed
FA2023,FA2023-class 4,17,1905AHEAJI,10,7,8.8,9.2,Passed
FA2023,FA2023-class 4,18,1905AHCIFI,10,6,7.8,8.7,Passed
FA2023,FA2023-class 4,19,1905AHCDHF,10,7,8,8.8,Passed
FA2023,FA2023-class 4,20,1905AHBDCF,10,4.5,7,8.2,Passed
FA2023,FA2023-class 4,21,1905AGCECH,10,3,5.2,6.9,Passed
FA2023,FA2023-class 4,22,1905AHDHHB,10,5.5,8.2,8.7,Passed
FA2023,FA2023-class 4,23,1905AHDHHF,10,4.5,5.2,7.4,Passed
FA2023,FA2023-class 4,24,1905AHCHFI,6,7,8,7.5,Passed
FA2023,FA2023-class 4,25,1905AHBBAI,10,4.5,8.8,8.9,Passed
FA2023,FA2023-class 4,26,1905AHDAFG,10,6,7.6,8.6,Passed
FA2023,FA2023-class 4,27,1905AHCCDB,10,5,7.4,7.3,Passed
FA2023,FA2023-class 4,28,1905AHCHCD,10,5,8,8.7,Passed
FA2023,FA2023-class 4,29,1905AHCFCA,10,7,9.2,9.4,Passed
FA2023,FA2023-class 4,30,1905AHCGDF,10,8.5,8.6,9.3,Passed
FA2023,FA2023-class 4,31,1905AHDFDE,10,4.5,5.6,7.5,Passed
FA2023,FA2023-class 4,32,1905AHDHEF,10,6,7,8.3,Passed
FA2023,FA2023-class 4,33,1905AGBJCD,10,7,8.4,9.1,Passed
FA2023,FA2023-class 4,34,1905AHCICG,10,6.5,6.4,8.2,Passed
FA2023,FA2023-class 4,35,1905AHCGFI,10,4.5,9,9.1,Passed
FA2024,FA2024-class 1,1,1905AIJGHH,5.5,7,4,5.4,Passed
FA2024,FA2024-class 1,2,1905AIDBGB,7.5,9,4.8,6.7,Passed
FA2024,FA2024-class 1,3,1905AHCCDA,2.5,4,6,4.6,Not Passed
FA2024,FA2024-class 1,4,1905AICBGE,8,10,7.2,8.1,Passed
FA2024,FA2024-class 1,5,1905AHAGJJ,7.7,10,5.8,7.1,Passed
FA2024,FA2024-class 1,6,1905AIDDJE,6.5,6,5.2,6.3,Passed
FA2024,FA2024-class 1,7,1905AHDCHD,6.5,5,5.4,6.1,Passed
FA2024,FA2024-class 1,8,1905AIDDDG,7.5,6,4.2,6,Passed
FA2024,FA2024-class 1,9,1905AHJJAA,8.6,8,6.2,7.7,Passed
FA2024,FA2024-class 1,10,1905AGBFDH,6.5,9,5.4,6.6,Passed
FA2024,FA2024-class 1,11,1905AIJFDI,6.5,6,4.8,6,Passed
FA2024,FA2024-class 1,12,1905AHDFIC,7.2,8,6.8,7.5,Passed
FA2024,FA2024-class 1,13,1905AHBJIJ,6.2,8,4.8,6,Passed
FA2024,FA2024-class 1,14,1905AHJJHF,7.5,8,5,6.7,Passed
FA2024,FA2024-class 1,15,1905AHDFCD,8.5,8,6.2,7.6,Passed
FA2024,FA2024-class 1,16,1905AIJGEB,8,8,7,7.8,Passed
FA2024,FA2024-class 1,17,1905AHBJEJ,4.2,5,5.2,5.3,Passed
FA2024,FA2024-class 1,18,1905AHAEJF,7,8,5.8,6.7,Passed
FA2024,FA2024-class 1,19,1905AGCCDB,4.2,5,6.8,5.9,Passed
FA2024,FA2024-class 1,20,1905AHAIEJ,7.7,4,5,6.3,Passed
FA2024,FA2024-class 1,21,1905AHJDDH,8.6,10,7.2,8.1,Passed
FA2024,FA2024-class 1,22,1905AIBABF,6,6,5.8,6.4,Passed
FA2024,FA2024-class 1,23,1905AHBJAF,4.2,4,5.8,5.5,Passed
FA2024,FA2024-class 1,24,1905AICJFJ,7.7,8,6.2,7,Passed
FA2024,FA2024-class 1,25,1905AHEJJJ,6.2,6,4.6,5.8,Passed
FA2024,FA2024-class 1,26,1905AHAGGG,0,0,0,0,Attendance Fail
FA2024,FA2024-class 1,27,1905AHDBHC,7.5,8,4.8,6.6,Passed
FA2024,FA2024-class 1,28,1905AIJAFH,8.5,9,7.6,8.2,Passed
FA2024,FA2024-class 1,29,1905AHEJDC,6.5,9,6.2,6.9,Passed
FA2024,FA2024-class 1,30,1905AHDEFB,8,7,5.4,6.9,Passed
FA2024,FA2024-class 1,31,1905AICACD,6,5,6.6,6.7,Passed
FA2024,FA2024-class 1,32,1905AHJJCF,7,6,4.6,6.1,Passed
FA2024,FA2024-class 1,33,1905AICGBG,6.8,4,6.4,6.6,Passed
FA2024,FA2024-class 1,34,1905AIDAEH,5.3,2,4.2,5,Passed
FA2024,FA2024-class 2,1,1905AHCJJF,8.6,8,6.8,8,Passed
FA2024,FA2024-class 2,2,1905AICGBF,8.6,9,8.2,8.6,Passed
FA2024,FA2024-class 2,3,1905AHJFCJ,8.4,8,4.6,7.1,Passed
FA2024,FA2024-class 2,4,1905AHBGHB,8.6,8,6.6,7.9,Passed
FA2024,FA2024-class 2,5,1905AHCBCF,8.3,8,5,7.2,Passed
FA2024,FA2024-class 2,6,1905AHCCDJ,8.6,8,4,6.8,Passed
FA2024,FA2024-class 2,7,1905AHCIAE,8.3,8,5.4,7.3,Passed
FA2024,FA2024-class 2,8,1905AHCFGD,8.4,8,5.6,7.3,Passed
FA2024,FA2024-class 2,9,1905AHBBEB,8.1,8,5.6,7.4,Passed
FA2024,FA2024-class 2,10,1905AHBFGJ,8.3,8,6.2,7.7,Passed
FA2024,FA2024-class 2,11,1905AHBBJB,8.3,8,5.4,7.4,Passed
FA2024,FA2024-class 2,12,1905AHBBIF,8.2,8,4.6,6.9,Passed
FA2024,FA2024-class 2,13,1905AHBFCA,8.3,8,4.8,7.1,Passed
FA2024,FA2024-class 2,14,1905AHCDFJ,8.6,8,5.8,7.6,Passed
FA2024,FA2024-class 2,15,1905AHBBBH,8.4,8,6.4,7.8,Passed
FA2024,FA2024-class 2,16,1905AHAEAH,8.3,8.5,5.8,7.6,Passed
FA2024,FA2024-class 2,17,1905AHCJGE,0,0,0,0,Attendance Fail
FA2024,FA2024-class 2,18,1905AHCBIG,9,9,9.6,9.4,Passed
FA2024,FA2024-class 2,19,1905AHBGAE,8.1,8.5,5.2,7.2,Passed
FA2024,FA2024-class 2,20,1905AHCBAF,9,9,4,7.2,Passed
FA2024,FA2024-class 2,21,1905AICBDF,8.8,9,7.2,8.4,Passed
FA2024,FA2024-class 2,22,1905AIJEAH,8.8,9,9.2,9.1,Passed
FA2024,FA2024-class 2,23,1905AHCEGE,8.7,8.5,7.2,8.3,Passed
FA2024,FA2024-class 2,24,1905AHBEAG,8.3,8.5,8.4,8.4,Passed
FA2024,FA2024-class 2,25,1905AIJEBE,8.8,9,6,7.8,Passed
FA2024,FA2024-class 2,26,1905AHCFDD,8.4,8,5.4,7.4,Passed
FA2024,FA2024-class 2,27,1905AHBJIB,8.6,8.5,6.4,7.9,Passed
FA2024,FA2024-class 2,28,1905AHJCFE,8.3,8.5,7,8,Passed
FA2024,FA2024-class 2,29,1905AHJCHG,8.7,8,4,7,Passed
FA2024,FA2024-class 2,30,1905AHBGIG,8.1,8,5.8,7.5,Passed
FA2024,FA2024-class 2,31,1905AHDFIB,8.3,8,5.8,7.5,Passed
FA2024,FA2024-class 2,32,1905AHBHHJ,8.1,8,9.6,8.8,Passed
FA2024,FA2024-class 2,33,1905AHCAJH,8.8,8.5,4.6,7.2,Passed
FA2024,FA2024-class 2,34,1905AHBDEH,3,0,5.6,5,Not Passed
FA2024,FA2024-class 3,1,1905AIJEAB,2.6,4.5,7.6,5.3,Passed
FA2024,FA2024-class 3,2,1905AHJDHD,7.9,9,6,7.1,Passed
FA2024,FA2024-class 3,3,1905AHJFJD,4.3,4,6,5.1,Passed
FA2024,FA2024-class 3,4,1905AGCFJI,2.7,0,0,1.3,Not Passed
FA2024,FA2024-class 3,5,1905AIBJEI,5.6,7.5,5.4,6.3,Passed
FA2024,FA2024-class 3,6,1905AFJCFB,2.6,4,5.6,4,Not Passed
FA2024,FA2024-class 3,7,1905AGJBGA,6.4,9,4.2,5.3,Passed
FA2024,FA2024-class 3,8,1905AIBJFJ,5.6,3.5,5,5.7,Passed
FA2024,FA2024-class 3,9,1905AHJDAF,6.4,9,5.8,6.6,Passed
FA2024,FA2024-class 3,10,1905AIJBCF,4.1,7,5.2,5.5,Passed
FA2024,FA2024-class 3,11,1905AHDGDD,2.6,4,5.2,4.2,Not Passed
FA2024,FA2024-class 3,12,1905AIJGCE,4.1,5,6.6,5,Passed
FA2024,FA2024-class 3,13,1905AEAJBE,9.7,9,6,7.6,Passed
FA2024,FA2024-class 3,14,1905AHDJHH,4.1,5,0,2.9,Not Passed
FA2024,FA2024-class 4,1,1905AIBFBD,8.7,8,5,7.3,Passed
FA2024,FA2024-class 4,2,1905AHJADB,8.4,8,6.8,8,Passed
FA2024,FA2024-class 4,3,1905AIBADI,8.5,8.5,5.8,7.6,Passed
FA2024,FA2024-class 4,4,1905AIBBDC,9.3,9,6.2,8.1,Passed
FA2024,FA2024-class 4,5,1905AIBEEI,8.5,8,4.8,7.2,Passed
FA2024,FA2024-class 4,6,1905AIBHAC,9.3,9,8,8.8,Passed
FA2024,FA2024-class 4,7,1905AIBDHH,7.7,8,4.4,6.8,Passed
FA2024,FA2024-class 4,8,1905AIBACG,9.2,9,7.8,8.6,Passed
FA2024,FA2024-class 4,9,1905AIBGGG,9.3,9,6,8,Passed
FA2024,FA2024-class 4,10,1905AIBFDI,9.3,9,4.4,7.4,Passed
FA2024,FA2024-class 4,11,1905AIBCAJ,8.3,8,4,6.6,Passed
FA2024,FA2024-class 4,12,1905AIBGHB,9.3,9,6.8,8.3,Passed
FA2024,FA2024-class 4,13,1905AGCFEF,8.3,8,5.2,7.3,Passed
FA2024,FA2024-class 4,14,1905AIBGHE,9.3,9,6.4,8,Passed
FA2024,FA2024-class 4,15,1905AIBCIF,9.1,9,7.2,8.1,Passed
FA2024,FA2024-class 4,16,1905AIBEBJ,9.3,9,6.6,8.2,Passed
FA2024,FA2024-class 4,17,1905AIBBJI,8.3,8.5,7,7.9,Passed
FA2024,FA2024-class 4,18,1905AIBGDH,9.4,9,7.4,8.5,Passed
FA2024,FA2024-class 4,19,1905AHDEIH,9.5,10,6.8,8.5,Passed
FA2024,FA2024-class 4,20,1905AIBAFB,8.2,8.5,8.6,8.7,Passed
FA2024,FA2024-class 4,21,1905AIBGJD,1,1,0,2.3,Attendance Fail
FA2024,FA2024-class 4,22,1919AGJIIH,8.3,8,5.8,7.5,Passed
FA2024,FA2024-class 4,23,1905AIBHFC,9.2,9,5.2,7.6,Passed
FA2024,FA2024-class 4,24,1905AIJEHG,8.8,8.5,7,8.2,Passed
FA2024,FA2024-class 4,25,1905AIBDFJ,0,0,0,0,Attendance Fail
FA2024,FA2024-class 4,26,1905AHDIAD,9.5,10,6.8,8.5,Passed
FA2024,FA2024-class 4,27,1905AIBBDB,9.3,9,7,8.4,Passed
FA2024,FA2024-class 4,28,1905AIBIAC,9,9,8.4,8.9,Passed
FA2024,FA2024-class 4,29,1905AIBCJG,8.3,8,4.8,7.1,Passed
FA2024,FA2024-class 4,30,1905AIDCDB,8.7,8.5,5.8,7.7,Passed
FA2024,FA2024-class 4,31,1905AIBBBJ,9.3,9,6.4,8.2,Passed
FA2024,FA2024-class 4,32,1905AIBEFG,8,8,4.8,6.8,Passed
FA2024,FA2024-class 4,33,1905AIJBFF,9.4,9,6.2,8.1,Passed
FA2024,FA2024-class 4,34,1905AIBIGC,8.7,8,5,7.3,Passed
FA2024,FA2024-class 4,35,1905AHDDGE,9.5,10,5.2,7.9,Passed
FA2024,FA2024-class 5,1,1905AIBAEH,5.6,6,4,5.6,Passed
FA2024,FA2024-class 5,2,1905AICAGA,8.4,4,5.6,6.9,Passed
FA2024,FA2024-class 5,3,1905AHEJFJ,9.7,2,8.4,7.4,Passed
FA2024,FA2024-class 5,4,1905AICEJG,6.9,2,4.4,6,Passed
FA2024,FA2024-class 5,5,1905AICHFH,7.1,10,7,7.8,Passed
FA2024,FA2024-class 5,6,1905AHDBIB,6.9,2,6.8,6.9,Passed
FA2024,FA2024-class 5,7,1905AFAAAI,5,0,0,2.2,Attendance Fail
FA2024,FA2024-class 5,8,1905AHBCGD,7,0,0,2.1,Attendance Fail
FA2024,FA2024-class 5,9,1905AIDJDF,10,10,5,7.8,Passed
FA2024,FA2024-class 5,10,1905AICJFE,8.3,8,7.4,8,Passed
FA2024,FA2024-class 5,11,1905AIDAAI,8.6,10,6.6,7.9,Passed
FA2024,FA2024-class 5,12,1905AHAHBC,5.4,2,4.8,5.6,Passed
FA2024,FA2024-class 5,13,1905AHAEHB,8.6,2,5,6.4,Passed
FA2024,FA2024-class 5,14,1905AICFDB,7.1,4,5,6.4,Passed
FA2024,FA2024-class 5,15,1905AICAHB,6.9,9,7.2,7.8,Passed
FA2024,FA2024-class 5,16,1905AICCBI,8.3,2,5,6.2,Passed
FA2024,FA2024-class 5,17,1905AICJIA,1.4,0,0,0.4,Attendance Fail
FA2024,FA2024-class 5,18,1905AICFDI,8.6,9,4.6,7.3,Passed
FA2024,FA2024-class 5,19,1905AICFFF,8.3,8,4.8,6.4,Passed
FA2024,FA2024-class 5,20,1905AICJBH,6.9,8,6.8,7.6,Passed
FA2024,FA2024-class 5,21,1905AICHDJ,10,10,6,7.8,Passed
FA2024,FA2024-class 5,22,1905AICJFD,8.6,9,4.6,7.2,Passed
FA2024,FA2024-class 5,23,1905AIBHEF,7,2,4.2,5.5,Passed
FA2024,FA2024-class 5,24,1905AICDHD,8.6,9,4.6,7.2,Passed
FA2024,FA2024-class 5,25,1905AICHGB,8.3,9,6,7.5,Passed
FA2024,FA2024-class 5,26,1919AHAAEJ,7,0,0,2.8,Not Passed
FA2024,FA2024-class 5,27,1905AHAHFE,7.1,3,4.6,5.8,Passed
FA2024,FA2024-class 5,28,1905AICHDB,8.6,10,7.2,8.3,Passed
FA2024,FA2024-class 5,29,1905AHBBAG,1.4,0,0,0.4,Attendance Fail
FA2024,FA2024-class 5,30,1905AICDAD,8.6,9,5.4,7.6,Passed
FA2024,FA2024-class 6,1,1905AIDHGA,5.8,5,4.2,5.5,Passed
FA2024,FA2024-class 6,2,1905AIDCBG,6.2,2,5.2,5.6,Passed
FA2024,FA2024-class 6,3,1905AHCGCG,8,5,0,3.6,Attendance Fail
FA2024,FA2024-class 6,4,1905AIFBHG,5.2,7,5.8,6.5,Passed
FA2024,FA2024-class 6,5,1905AHCJCH,5,3,4.6,5.4,Passed
FA2024,FA2024-class 6,6,1905AIFBFA,5.2,9,5.2,6.2,Passed
FA2024,FA2024-class 6,7,1905AIDIDF,8.3,9,6.6,7.6,Passed
FA2024,FA2024-class 6,8,1905AIDBAF,6.8,7,5.6,6.7,Passed
FA2024,FA2024-class 6,9,1905AIDEEE,7.4,6,5.6,6.7,Passed
FA2024,FA2024-class 6,10,0524BDHHJ,7.8,8,6.6,7.4,Passed
FA2024,FA2024-class 6,11,1905AIFHFB,6.2,9,6,6.7,Passed
FA2024,FA2024-class 6,12,1905AIFCJE,7.5,2,5.2,5.9,Passed
FA2024,FA2024-class 6,13,1905AIFEAE,6.5,7,4.2,5.7,Passed
FA2024,FA2024-class 6,14,1905AIDEIB,6.8,9,6.8,7.3,Passed
FA2024,FA2024-class 6,15,1905AHBBHI,0,0,0,0,Attendance Fail
FA2024,FA2024-class 6,16,1905AICAII,4.7,3,6,6,Passed
FA2024,FA2024-class 6,17,0524BDHHA,7.4,7,5.4,6.8,Passed
FA2024,FA2024-class 6,18,1905AIDICH,5,4,5,5.5,Passed
FA2024,FA2024-class 6,19,1905AHDCDF,6.6,1,0,3.7,Is Susspended
FA2024,FA2024-class 6,20,1905AIFBAC,7.4,6,4,6.2,Passed
FA2024,FA2024-class 6,21,1905AIFBIC,5.9,6,6.6,6.7,Passed
FA2024,FA2024-class 6,22,0524BDHHB,7.6,9,6.6,7.4,Passed
FA2024,FA2024-class 6,23,1905AIDCDC,4.7,8,5.4,5.8,Passed
FA2024,FA2024-class 6,24,1905AIFEIE,5.2,8,5.4,6.2,Passed
FA2024,FA2024-class 6,25,1905AIDBHF,4.7,8,7.2,7,Passed
FA2024,FA2024-class 6,26,1905AIFDDD,7.4,4,7.6,7.3,Passed
FA2024,FA2024-class 6,27,1905AIDFEA,6.5,5,6.2,6.6,Passed
FA2024,FA2024-class 6,28,1905AHBHGG,0,0,0,0,Attendance Fail
FA2024,FA2024-class 6,29,1905AIDBEG,8.1,10,6,7.7,Passed
FA2024,FA2024-class 6,30,1905AIDAIG,5.2,7,6,6.2,Passed
SP2023,SP2023-class 1,1,1905AGJBAB,8.4,8,7.4,6.8,Passed
SP2023,SP2023-class 1,2,1905AGJJFD,7.6,5,8.2,7.3,Passed
SP2023,SP2023-class 1,3,1905AGCBFB,8.3,8,8,8.5,Passed
SP2023,SP2023-class 1,4,1905AGCJJI,6,8,8.6,7.7,Passed
SP2023,SP2023-class 1,5,1905AGCABI,5.6,8,0,3.3,Not Passed
SP2023,SP2023-class 1,6,1905AGBAIJ,9.7,8,7.8,8.4,Passed
SP2023,SP2023-class 1,7,1905AGJBJG,7.4,8,7.6,7.2,Passed
SP2023,SP2023-class 1,8,1905AGBGEI,7,7,6.2,6.7,Passed
SP2023,SP2023-class 1,9,1905AFAJEH,8.3,8,7.2,8.2,Passed
SP2023,SP2023-class 1,10,1905AFAJCF,7.6,9,7.6,8.1,Passed
SP2023,SP2023-class 1,11,1905AFJDCD,8.3,9,8.2,8.7,Passed
SP2023,SP2023-class 1,12,1905AGJDBC,9.9,8,8,8.4,Passed
SP2023,SP2023-class 1,13,1901AGJAAI,6,5,6.6,5.6,Passed
SP2023,SP2023-class 1,14,1905AGADJD,6.9,7,7.8,7.1,Passed
SP2023,SP2023-class 1,15,1905AGJDGB,6.9,8,5.4,6.2,Passed
SP2023,SP2023-class 1,16,1905AGJBDI,1.4,0,0,0.4,Attendance Fail
SP2023,SP2023-class 1,17,1905AGBFFI,5.4,7,8.4,6.9,Passed
SP2023,SP2023-class 1,18,1905AGCJAH,7.4,9,8.8,8.5,Passed
SP2023,SP2023-class 1,19,1905AGCFEH,9.9,10,9,9.1,Passed
SP2023,SP2023-class 1,20,1905AGAJBB,6.9,8,7,6.9,Passed
SP2023,SP2023-class 1,21,1905AGCCHA,8.3,8,8.4,8.7,Passed
SP2023,SP2023-class 1,22,1905AGCFJG,6.9,6,6.4,6.5,Passed
SP2023,SP2023-class 1,23,1905AGJEEG,9.7,8,6.2,7.1,Passed
SP2023,SP2023-class 1,24,1905AGCJEA,8,8,8.8,8.6,Passed
SP2023,SP2023-class 2,1,1905AGAACI,10,10,8.6,9.4,Passed
SP2023,SP2023-class 2,2,1905AGCCIE,10,10,6.4,8.6,Passed
SP2023,SP2023-class 2,3,1905AGAIHC,10,10,9.2,9.6,Passed
SP2023,SP2023-class 2,4,1905AGACDF,3.3,10,7.8,7,Passed
SP2023,SP2023-class 2,5,1905AGJCGA,10,10,9.6,9.8,Passed
SP2023,SP2023-class 2,6,1905AEJDBG,10,10,7.2,8.9,Passed
SP2023,SP2023-class 2,7,1905AGAJCG,10,10,8,9.2,Passed
SP2023,SP2023-class 2,8,1905AGJJJD,10,10,7,8.5,Passed
SP2023,SP2023-class 2,9,1905AGCDIH,10,1,7,7.7,Passed
SP2023,SP2023-class 2,10,1905AGCACC,10,10,8.4,9.4,Passed
SP2023,SP2023-class 2,11,1905AGACFD,10,10,7.8,9.1,Passed
SP2023,SP2023-class 2,12,1905AGAJEG,10,10,6.8,8.6,Passed
SP2023,SP2023-class 2,13,1905AGAJAD,10,10,6.4,8.6,Passed
SP2023,SP2023-class 2,14,1905AFBAAF,9.5,10,0,4.9,Attendance Fail
SP2023,SP2023-class 2,15,1905AGJAIA,10,10,8.2,9.3,Passed
SP2023,SP2023-class 2,16,1905AGAJIC,10,10,9.8,9.9,Passed
SP2023,SP2023-class 2,17,1905AGJDBJ,10,10,8.8,9.5,Passed
SP2023,SP2023-class 2,18,1905AGAHHE,10,10,7.4,8.9,Passed
SP2023,SP2023-class 2,19,1905AGAACH,10,10,8.4,9.3,Passed
SP2023,SP2023-class 2,20,1905AGAJJF,10,10,8.4,9.4,Passed
SP2023,SP2023-class 2,21,1905AGBHCF,10,10,8.2,9.3,Passed
SP2023,SP2023-class 2,22,1905AGJECD,10,10,6.2,8.5,Passed
SP2023,SP2023-class 2,23,1905AGABBA,10,10,7.6,9,Passed
SP2023,SP2023-class 2,24,1905AGABCH,10,10,8,9.2,Passed
SP2023,SP2023-class 2,25,0805AGAAFF,10,10,7.2,8.9,Passed
SP2023,SP2023-class 2,26,1905AGAJJH,10,10,7.2,8.9,Passed
SP2023,SP2023-class 2,27,1905AGAABJ,10,10,7.8,9.1,Passed
SP2023,SP2023-class 2,28,1905AFJICA,10,10,8.6,9.4,Passed
SP2023,SP2023-class 2,29,1905AGABGC,10,10,6.8,8.7,Passed
SP2023,SP2023-class 2,30,1905AGJDII,10,10,8.2,9.3,Passed
SP2023,SP2023-class 2,31,1905AFBACF,10,10,7.4,9,Passed
SP2023,SP2023-class 2,32,1905AGJDEE,10,10,8.6,9.4,Passed
SP2023,SP2023-class 3,1,1905AGBCFB,8.3,8,8.4,8.2,Passed
SP2023,SP2023-class 3,2,1905AGAGFE,8,8.5,7.2,7.6,Passed
SP2023,SP2023-class 3,3,1905AGBCHC,8.3,7.5,7.2,7.8,Passed
SP2023,SP2023-class 3,4,1905AGAFCA,8.3,8,8.8,8.5,Passed
SP2023,SP2023-class 3,5,1905AGADDG,7.2,9,8,7.9,Passed
SP2023,SP2023-class 3,6,1905AGCFEG,7.8,5,6.8,7.1,Passed
SP2023,SP2023-class 3,7,1905AGBBGD,7.8,7.5,6.4,7.1,Passed
SP2023,SP2023-class 3,8,1905AGAFJF,7.9,7.5,7.4,7.7,Passed
SP2023,SP2023-class 3,9,1905AGBFFJ,7.8,7.5,7.4,7.5,Passed
SP2023,SP2023-class 3,10,1905AGBBDH,8.1,7.5,6.8,7.4,Passed
SP2023,SP2023-class 3,11,1905AGCDEJ,7,7.5,6,6.8,Passed
SP2023,SP2023-class 3,12,1905AGACCD,7.8,8,7.6,7.7,Passed
SP2023,SP2023-class 3,13,1905AGAFBI,8.2,8,7.2,7.7,Passed
SP2023,SP2023-class 3,14,1905AGBEGI,8.3,7,8,8.2,Passed
SP2023,SP2023-class 3,15,1905AGBEDJ,8.3,7.5,7.2,7.8,Passed
SP2023,SP2023-class 3,16,1905AGCCIC,7.8,8,8.2,7.9,Passed
SP2023,SP2023-class 3,17,1905AGBFIG,7.8,7.5,7.6,7.5,Passed
SP2023,SP2023-class 3,18,1905AGAFEH,8.1,7.5,5.4,6.7,Passed
SP2023,SP2023-class 3,19,1905AGBGJA,8.4,9,8.2,8.3,Passed
SP2023,SP2023-class 3,20,1905AGADJH,8.3,9,7.4,8,Passed
SP2023,SP2023-class 3,21,1905AGACBG,8.2,7,7.6,7.7,Passed
SP2023,SP2023-class 3,22,1905AGACDE,8.3,7.5,8.4,8.2,Passed
SP2023,SP2023-class 3,23,1905AGAFFH,8.7,8,8.4,8.2,Passed
SP2023,SP2023-class 3,24,1905AGCBJJ,5.8,7.5,6.6,6.8,Passed
SP2023,SP2023-class 3,25,1905AGCBAF,8.3,8,7.4,7.8,Passed
SP2023,SP2023-class 3,26,1905AGBCDD,8.9,9,8.4,8.1,Passed
SP2024,SP2024-class 1,1,1905AHJAAC,9.5,9.5,8.4,8.9,Passed
SP2024,SP2024-class 1,2,1905AHCADA,3.8,7,5.2,5.5,Passed
SP2024,SP2024-class 1,3,1905AGJJJF,7.8,5.6,8,7.4,Passed
SP2024,SP2024-class 1,4,1905AGJCGH,8.3,5.5,8.4,7.8,Passed
SP2024,SP2024-class 1,5,1905AGJAHA,8.6,7.4,7.2,7.8,Passed
SP2024,SP2024-class 1,6,1905AHCGHG,7.4,8,7,7.5,Passed
SP2024,SP2024-class 1,7,1905AHCCJC,7.8,7,7.4,7.7,Passed
SP2024,SP2024-class 1,8,1905AGCDJH,7.6,6.5,6.2,7,Passed
SP2024,SP2024-class 1,9,1905AHCDBG,8.7,8.4,9.2,8.7,Passed
SP2024,SP2024-class 1,10,1905AHJAAD,6.1,7.6,6.8,6.9,Passed
SP2024,SP2024-class 1,11,1905AHDHDF,7.9,8,6.4,7.4,Passed
SP2024,SP2024-class 1,12,1905AHJJEI,8.3,7.9,8,7.9,Passed
SP2024,SP2024-class 1,13,1905AGBBFI,8.7,5.5,8.8,8.1,Passed
SP2024,SP2024-class 1,14,1905AGJEGE,7.8,6.5,4.8,6.4,Passed
SP2024,SP2024-class 1,15,1905AHJCJA,4.2,6.4,7,6.2,Passed
SP2024,SP2024-class 1,16,1905AHJAJI,8.2,6.3,8,7.8,Passed
SP2024,SP2024-class 1,17,1905AHJCID,7.5,9.5,6.4,7.1,Passed
SP2024,SP2024-class 1,18,1905AHJAFJ,6.6,5.4,7.4,6.9,Passed
SP2024,SP2024-class 1,19,1905AHJCEE,8.3,8.3,9,8.6,Passed
SP2024,SP2024-class 1,20,1905AHJAHJ,7.9,5.4,8.6,7.9,Passed
SP2024,SP2024-class 1,21,1905AGBAAG,9.2,5.7,8.8,8.2,Passed
SP2024,SP2024-class 2,1,1905AHAFEA,6.8,6,9,8.2,Passed
SP2024,SP2024-class 2,2,1905AHBABG,6,5,6.2,6.7,Passed
SP2024,SP2024-class 2,3,1905AHJFDI,4.7,0,0,3.2,Not Passed
SP2024,SP2024-class 2,4,1905AHCJHD,7.7,9.8,9,8.9,Passed
SP2024,SP2024-class 2,5,1905AHCBCE,0,0,0,0.9,Attendance Fail
SP2024,SP2024-class 2,6,1905AHDADF,6.3,9.8,8.8,8.4,Passed
SP2024,SP2024-class 2,7,1905AGAJEB,5.5,7,8.2,6.6,Passed
SP2024,SP2024-class 2,8,1905AHBAHI,5,8,8.8,7.8,Passed
SP2024,SP2024-class 2,9,1905AHBCFD,4.4,7,8.4,7.3,Passed
SP2024,SP2024-class 2,10,1905AHAHBA,5,6,5.4,6.3,Passed
SP2024,SP2024-class 2,11,1905AHBJAD,6,9.8,9,8.4,Passed
SP2024,SP2024-class 2,12,1905AHAEEB,5.4,9,8.2,7.6,Passed
SP2024,SP2024-class 2,13,1905AHCAFI,6.8,9,8.4,8.2,Passed
SP2024,SP2024-class 2,14,1905AHBDAJ,6.9,10,8.4,8.4,Passed
SP2024,SP2024-class 2,15,1905AHAGDH,7,8,8.2,8.1,Passed
SP2024,SP2024-class 2,16,1905AHBCDE,6.9,9.8,7.6,8.1,Passed
SP2024,SP2024-class 2,17,1905AHBCJI,7.5,10,8.6,8.5,Passed
SP2024,SP2024-class 2,18,1905AHBCHJ,6.5,9,8.8,8.3,Passed
SP2024,SP2024-class 2,19,1905AHAIBG,5.8,0,8,6.9,Not Passed
SP2024,SP2024-class 2,20,1905AHBDCI,9.5,9.5,7.4,8.7,Passed
SP2024,SP2024-class 2,21,1905AHAIFE,4.7,0,0,3.3,Not Passed
SP2024,SP2024-class 2,22,1905AHBJJA,5.8,8.5,8.6,7.9,Passed
SP2024,SP2024-class 2,23,1905AHBDBF,9.5,9.5,7.8,8.9,Passed
SP2024,SP2024-class 2,24,1905AHAHBB,0.2,0,0,1,Attendance Fail
SP2024,SP2024-class 2,25,1905AHBAIG,5.8,7,6.8,7.1,Passed
SP2024,SP2024-class 2,26,1905AGBGHF,6.2,6,6.2,6.6,Passed
SP2024,SP2024-class 2,27,1905AHBCEG,7.1,10,7.6,8,Passed
SP2024,SP2024-class 2,28,1905AHCBEF,6.2,8,7.2,7.2,Passed
SP2024,SP2024-class 2,29,0405AHJGCI,7,10,8.6,8.5,Passed
SP2024,SP2024-class 2,30,1905AHCBJC,5.6,8.5,6.2,6.9,Passed
SP2024,SP2024-class 2,31,1905AHBDJF,7.4,10,9,8.8,Passed
SP2024,SP2024-class 2,32,1905AHAFEH,7.4,10,8.8,8.6,Passed
SP2024,SP2024-class 2,33,1905AHBAHE,5.7,8.5,8.4,7.9,Passed
SP2024,SP2024-class 3,1,1905AHBIDG,7.2,10,8,8.3,Passed
SP2024,SP2024-class 3,2,1905AHBHCF,7.7,9,6.8,7.9,Passed
SP2024,SP2024-class 3,3,1905AHBFAF,7.8,9,7.6,8.3,Passed
SP2024,SP2024-class 3,4,1905AHBFGF,6.5,10,7.4,7.7,Passed
SP2024,SP2024-class 3,5,1905AHCJIA,8.1,9,7.4,8.3,Passed
SP2024,SP2024-class 3,6,1905AHCBEA,6.9,10,7.8,8.2,Passed
SP2024,SP2024-class 3,7,1905AHCJIJ,8,9,8.2,8.5,Passed
SP2024,SP2024-class 3,8,1905AHBGJF,8,9,8.2,8.6,Passed
SP2024,SP2024-class 3,9,1905AHAEAB,8.7,9,8.6,8.9,Passed
SP2024,SP2024-class 3,10,1905AHCCIE,6.6,7.5,8.2,7.9,Passed
SP2024,SP2024-class 3,11,1905AHBGEG,7.3,10,8.2,8.5,Passed
SP2024,SP2024-class 3,12,1905AHBDHG,6.8,10,7.8,8,Passed
SP2024,SP2024-class 3,13,1905AHCEJG,6.3,7.5,8.4,8,Passed
SP2024,SP2024-class 3,14,1905AFAAIE,7.8,9,8.4,8.6,Passed
SP2024,SP2024-class 3,15,1905AHCAGF,5.7,7.5,6.8,7.1,Passed
SP2024,SP2024-class 3,16,1905AHDECD,8.3,9,8.6,8.8,Passed
SP2024,SP2024-class 3,17,1905AFJBBB,6,7,5.2,6.3,Passed
SP2024,SP2024-class 3,18,1905AHCGGG,5.8,7.5,8.2,7.7,Passed
SP2024,SP2024-class 3,19,1905AHBGHE,8.1,9,7.4,8.3,Passed
SP2024,SP2024-class 3,20,1905AGADDI,3.6,0,0,1.1,Attendance Fail
SP2024,SP2024-class 4,1,1905AHDFCG,8.8,8,8,8.3,Passed
SP2024,SP2024-class 4,2,1905AHCHHD,8.8,8,6.6,7.7,Passed
SP2024,SP2024-class 4,3,1905AHCGAH,8.5,8,5.8,7.3,Passed
SP2024,SP2024-class 4,4,1905AGBFBG,9.3,9,7.8,8.6,Passed
SP2024,SP2024-class 4,5,1905AHBBBC,8.8,8,8.8,8.6,Passed
SP2024,SP2024-class 4,6,1905AHDECI,9.3,9,6.2,8,Passed
SP2024,SP2024-class 4,7,1905AHCFFF,8.5,8,5.4,7.1,Passed
SP2024,SP2024-class 4,8,1905AHBDJI,8.3,7,8,8.2,Passed
SP2024,SP2024-class 4,9,1905AHCHDH,8.5,8,4.6,6.8,Passed
SP2024,SP2024-class 4,10,1905AHCGDG,8.5,8,8,8.2,Passed
SP2024,SP2024-class 4,11,1905AHDIJI,8.3,7,8.4,8.4,Passed
SP2024,SP2024-class 4,12,1905AGACDB,8.8,8,4.4,6.8,Passed
SP2024,SP2024-class 4,13,1905AHBJDB,8.5,8,7.2,7.8,Passed
SP2024,SP2024-class 4,14,1905AHDCBA,9.3,9,5.2,7.6,Passed
SP2024,SP2024-class 4,15,1905AHEJBD,8.8,8,6.8,7.8,Passed
SP2024,SP2024-class 4,16,1905AHDEDA,8.8,8,7,7.9,Passed
SP2024,SP2024-class 4,17,1905AHDGCG,8.3,7,8.6,8.4,Passed
SP2024,SP2024-class 4,18,1905AHCDGG,8.5,9,7.2,8,Passed
SP2024,SP2024-class 4,19,1905AHDCGD,8.3,7,5.4,7.2,Passed
SP2024,SP2024-class 4,20,1905AHDBJD,9.3,9,5.2,7.6,Passed
SP2024,SP2024-class 4,21,1905AHDGAG,8.3,7,8,8.2,Passed
SP2024,SP2024-class 4,22,1905AGCEBB,9.8,10,8,9.2,Passed
SP2024,SP2024-class 4,23,1905AHBIAJ,8.8,8,5.4,7.2,Passed
SP2024,SP2024-class 4,24,1905AHDEAF,8.3,7,8.4,8.4,Passed
SP2024,SP2024-class 4,25,1905AGJCCF,9.8,10,8.2,9.2,Passed
SP2024,SP2024-class 4,26,1905AHDFIB,8.8,8,0,5.1,Attendance Fail
SP2024,SP2024-class 4,27,1905AHDBJB,9.3,9,4.8,7.4,Passed
SP2025,SP2025-class 1,1,1905AFABAG,6.7,4.5,6.2,6.3,Passed
SP2025,SP2025-class 1,2,1905AGJJCI,6.4,4.5,5.4,5.9,Passed
SP2025,SP2025-class 1,3,1905AHDJEJ,7.7,5.5,5.2,6.2,Passed
SP2025,SP2025-class 1,4,1905AIJCAF,7.7,6.5,5.6,6.6,Passed
SP2025,SP2025-class 1,5,1905AIJBBA,6.3,4.5,4.4,5.5,Passed
SP2025,SP2025-class 1,6,1905AIJJJH,9.6,7,6.6,7.9,Passed
SP2025,SP2025-class 1,7,1905AFJCFB,6.6,6,5.8,6.1,Passed
SP2025,SP2025-class 1,8,1905AHDGGE,9.1,7.5,4.8,7,Passed
SP2025,SP2025-class 1,9,1905AIBDDG,6.8,5,5.8,6.4,Passed
SP2025,SP2025-class 1,10,1905AIJBJJ,7.3,6.5,5.4,6.4,Passed
SP2025,SP2025-class 1,11,1905AIBDBC,7.8,6.5,6.6,7.2,Passed
SP2025,SP2025-class 1,12,1905AHCCAF,0,0,0,0,Attendance Fail
SP2025,SP2025-class 1,13,1905AFADCA,6.7,5,7,6.7,Passed
SP2025,SP2025-class 1,14,1919AHAAEJ,6.7,5.5,7.4,7,Passed
SP2025,SP2025-class 1,15,1905AIJIII,9.4,8.5,7.6,8.4,Passed
SP2025,SP2025-class 1,16,1905AIJCHJ,6.8,5,4.6,5.5,Passed
SP2025,SP2025-class 1,17,1905AIAJEG,7.8,6.5,5.8,6.9,Passed
SP2025,SP2025-class 1,18,1905AIJHDA,7.5,6.5,6.6,7.1,Passed
SP2025,SP2025-class 2,1,1905AIBEFI,7.2,6.5,7,7.4,Passed
SP2025,SP2025-class 2,2,1905AGBIGJ,7.3,6,4.6,6.5,Passed
SP2025,SP2025-class 2,3,1905AFAAAI,0,0,0,0,Attendance Fail
SP2025,SP2025-class 2,4,1905AICJGF,7.3,6.5,6.2,7.2,Passed
SP2025,SP2025-class 2,5,1905AIBBGF,8.5,8,6.8,8,Passed
SP2025,SP2025-class 2,6,1905AIJIJC,8.5,8,5.4,7.4,Passed
SP2025,SP2025-class 2,7,1905AIJFIG,7.5,6.5,5.4,7,Passed
SP2025,SP2025-class 2,8,1905AIJEBG,8.2,8,5.4,7.3,Passed
SP2025,SP2025-class 2,9,1905AHJCBF,7.5,7,6.6,7.5,Passed
SP2025,SP2025-class 2,10,1905AIJFDJ,7.3,6.5,4.6,6.5,Passed
SP2025,SP2025-class 2,11,1905AHAEGA,7,6,4.8,6.4,Passed
SP2025,SP2025-class 2,12,1905AIBFAF,8.3,8,5,7.2,Passed
SP2025,SP2025-class 2,13,1905AIBJJC,9,7.5,8.2,8.7,Passed
SP2025,SP2025-class 2,14,1905AICCIJ,7,6.5,5.6,6.8,Passed
SP2025,SP2025-class 2,15,1905AIJHGE,7.7,7,6.8,7.6,Passed
SP2025,SP2025-class 2,16,1905AIJCDH,8.3,8,7.6,8.3,Passed
SP2025,SP2025-class 2,17,1905AIBAAE,9,7.5,6.4,7.9,Passed
SP2025,SP2025-class 2,18,1905AIJDAJ,10,6,6.2,7.9,Passed
SP2025,SP2025-class 2,19,1905AIFFIA,7.2,6,6.4,7.2,Passed
SP2025,SP2025-class 2,20,1905AIBJGI,7.2,7,4.6,6.5,Passed
SP2025,SP2025-class 2,21,1905AIJIDB,8.5,8,6,7.6,Passed
SP2025,SP2025-class 2,22,1905AIJEGE,7.5,6.5,5.4,7,Passed
SP2025,SP2025-class 2,23,1905AIJGCH,8.5,8,7.8,8.4,Passed
SP2025,SP2025-class 2,24,1905AIBDEG,9,7.5,6.2,7.8,Passed
SP2025,SP2025-class 2,25,1905AIJEJI,8.5,8,6.4,7.8,Passed
SP2025,SP2025-class 2,26,1905AIBDBF,7.5,6.5,7.2,7.7,Passed
SP2025,SP2025-class 2,27,1905AHCAFF,7,6,6,7,Passed
SP2025,SP2025-class 2,28,1905AICAGE,7,6.5,5.4,6.7,Passed
SP2025,SP2025-class 3,1,1905AICIEF,8.8,9,6,7.9,Passed
SP2025,SP2025-class 3,2,1905AIFDHB,9.3,9,7.8,8.8,Passed
SP2025,SP2025-class 3,3,1905AHJFDI,0,0,0,0,Attendance Fail
SP2025,SP2025-class 3,4,1905AICHGE,9.3,9,7.4,8.5,Passed
SP2025,SP2025-class 3,5,1905AIBHJG,8.8,9,5.8,7.8,Passed
SP2025,SP2025-class 3,6,1905AICECG,9.1,9,6.2,8.1,Passed
SP2025,SP2025-class 3,7,1905AICFCE,8.8,9,5,7.5,Passed
SP2025,SP2025-class 3,8,1905AIJFCA,9,9,4.4,7.3,Passed
SP2025,SP2025-class 3,9,1905AHJDGH,8.8,9,6.6,8.1,Passed
SP2025,SP2025-class 3,10,1905AIFBCE,9,9,5.4,7.7,Passed
SP2025,SP2025-class 3,11,1905AIBDAF,9.1,9,5.8,7.8,Passed
SP2025,SP2025-class 3,12,1905AIBBGD,9.3,9,7.4,8.6,Passed
SP2025,SP2025-class 3,13,1905AICHJJ,9.1,9,6.2,8.1,Passed
SP2025,SP2025-class 3,14,1905AIBFHE,8.7,9,4,7,Passed
SP2025,SP2025-class 3,15,1905AHJJJD,8.8,9,6.2,8,Passed
SP2025,SP2025-class 3,16,1905AIBFCF,9.3,9,8,8.9,Passed
SP2025,SP2025-class 3,17,1905AICAAJ,9.3,9,7,8.4,Passed
SP2025,SP2025-class 3,18,1905AICEBB,9.3,9,7.8,8.8,Passed
SP2025,SP2025-class 3,19,1905AHDCDF,8.8,9,4.8,7.4,Passed
SP2025,SP2025-class 3,20,1905AIFEBG,8.4,9,4,7,Passed
SP2025,SP2025-class 3,21,1905AIDFDE,9.3,9,5.4,7.8,Passed
SP2025,SP2025-class 3,22,1905AIBFAG,9.3,9,7.8,8.8,Passed
SP2025,SP2025-class 3,23,1905AIBHDG,9.3,9,5,7.6,Passed
SP2025,SP2025-class 3,24,1905AIBHGD,9.3,9,7.8,8.8,Passed
SP2025,SP2025-class 3,25,1905AICHBI,9.3,9,6.4,8.1,Passed
SP2025,SP2025-class 3,26,1905AICDHH,8.8,9,5.6,7.7,Passed
SP2025,SP2025-class 3,27,1905AICFGJ,0,0,0,0,Attendance Fail
SP2025,SP2025-class 3,28,1905AHJFBC,8.8,9,6.4,8,Passed
SP2025,SP2025-class 3,29,1905AICBDB,9.1,9,6.6,8.2,Passed
SP2025,SP2025-class 3,30,1905AICHEH,8.4,9,4.6,7.2,Passed
SP2025,SP2025-class 3,31,1905AHDFDI,9,9,4,6.9,Passed
SP2025,SP2025-class 3,32,1905AICGAF,9.3,9,8,8.9,Passed
SP2025,SP2025-class 3,33,1905AIBIBG,9.3,9,4.4,7.4,Passed
SP2025,SP2025-class 3,34,1905AHBDEH,9.1,9,5,7.5,Passed
SP2025,SP2025-class 3,35,1905AIJHDJ,9.3,9,6.4,8.2,Passed
SP2025,SP2025-class 4,1,1905AIDDII,9.5,5,6,7.6,Passed
SP2025,SP2025-class 4,2,1905AIDJFG,9.3,5,6,7.5,Passed
SP2025,SP2025-class 4,3,1905AIDDGE,9.3,5,5.8,7.4,Passed
SP2025,SP2025-class 4,4,1905AIDGIH,9.6,3.5,5.6,7.4,Passed
SP2025,SP2025-class 4,5,1905AGCFJI,3,0,0,0.9,Attendance Fail
SP2025,SP2025-class 4,6,1905AICEAJ,9.5,5,7.4,8.2,Passed
SP2025,SP2025-class 4,7,1905AIDABG,9.4,5.5,6,7.7,Passed
SP2025,SP2025-class 4,8,1905AIDHEI,9.3,6,6.2,7.7,Passed
SP2025,SP2025-class 4,9,1905AIFFEC,9.1,6.5,5.2,7.3,Passed
SP2025,SP2025-class 4,10,1905AIJEFC,9.7,6,7.8,8.6,Passed
SP2025,SP2025-class 4,11,1905AICFGD,9.6,3.5,7,8,Passed
SP2025,SP2025-class 4,12,1905AIFDEA,9.1,6.5,4.8,7.1,Passed
SP2025,SP2025-class 4,13,1905AIDAIJ,9.5,5,7.2,8.1,Passed
SP2025,SP2025-class 4,14,1905AIDDHD,9.3,4.5,4.4,6.9,Passed
SP2025,SP2025-class 4,15,1905AIDHCC,9.3,4.5,5.2,7.3,Passed
SP2025,SP2025-class 4,16,1905AIFBIB,9.1,5,4.2,6.7,Passed
SP2025,SP2025-class 4,17,1905AIFCAH,7.4,0,0,2.2,Attendance Fail
SP2025,SP2025-class 4,18,1905AIDFJG,9.4,5,6.2,7.8,Passed
SP2025,SP2025-class 4,19,1705AHJJFB,0,0,0,0,Attendance Fail
SP2025,SP2025-class 4,20,1905AIDBBE,9.4,5.5,6.8,8,Passed
SP2025,SP2025-class 5,1,1905AIDGDE,10,9,6.6,8.2,Passed
SP2025,SP2025-class 5,2,1905AICAEI,8,9,6,6.6,Passed
SP2025,SP2025-class 5,3,1905AHCDAA,7.7,8.5,4.4,5.9,Passed
SP2025,SP2025-class 5,4,1905AHCGCG,2,0,0,0.6,Attendance Fail
SP2025,SP2025-class 5,5,1905AIFBBG,10,8.5,7.8,8.7,Passed
SP2025,SP2025-class 5,6,1905AIBCGJ,8,9,4.8,6.4,Passed
SP2025,SP2025-class 5,7,1905AIFDGG,10,9.5,7.8,8.7,Passed
SP2025,SP2025-class 5,8,1905AIFDHC,7,9.5,5.4,6.8,Passed
SP2025,SP2025-class 5,9,1905AIFGCA,6,8.5,5.4,6.3,Passed
SP2025,SP2025-class 5,10,1905AHJCDD,5.7,8.5,9.6,7.6,Passed
SP2025,SP2025-class 5,11,1905AIFDCE,10,9,6.8,8.4,Passed
SP2025,SP2025-class 5,12,1905AIDCDD,8,8.5,4.8,6.4,Passed
SP2025,SP2025-class 5,13,1905AIDEFA,7,8.5,6.4,7.3,Passed
SP2025,SP2025-class 5,14,1905AIFDAJ,10,9,7,8.4,Passed
SP2025,SP2025-class 5,15,1905AHDABC,7,8.5,4.6,5.9,Passed
SP2025,SP2025-class 5,16,1905AICEEF,5,9,5.8,5.6,Passed
SP2025,SP2025-class 5,17,1905AIDBGA,9,9.5,4.2,5.9,Passed
SP2025,SP2025-class 5,18,1905AIDBDD,7,8.5,6,6.7,Passed
SP2025,SP2025-class 5,19,1905AIFEAH,10,8.5,7.4,8.5,Passed
SP2025,SP2025-class 5,20,1905AIFGDD,6,8.5,7.4,7.2,Passed
SP2025,SP2025-class 5,21,1905AIFDAH,10,9.5,7.4,8.5,Passed
SP2025,SP2025-class 5,22,1905AIFEJE,10,9,8,8.9,Passed
SU2023,SU2023-class 1,1,1905AGBJBF,7.6,8,6.4,7.1,Passed
SU2023,SU2023-class 1,2,1905AGBFID,7.5,7,5,6.2,Passed
SU2023,SU2023-class 1,3,1905AGAGIB,8.2,8,8.2,8.2,Passed
SU2023,SU2023-class 1,4,1905AGBJFA,7.9,8.5,4.2,6.5,Passed
SU2023,SU2023-class 1,5,1905AGCABI,7.6,8,7.8,7,Passed
SU2023,SU2023-class 1,6,1905AGCDEH,7.6,8,7.2,7.3,Passed
SU2023,SU2023-class 1,7,1905AGJJHB,7.7,7,4.2,6.2,Passed
SU2023,SU2023-class 1,8,1905AGCFAC,8.2,8.5,6,7.3,Passed
SU2023,SU2023-class 1,9,1905AGJCDB,7.5,8,8.6,7.8,Passed
SU2023,SU2023-class 1,10,1905AGCJAC,7.9,8,8.2,7.8,Passed
SU2023,SU2023-class 1,11,1905AGBGED,7.5,7,5.6,6.4,Passed
SU2023,SU2023-class 1,12,1905AGCFIH,7.7,7,6.4,6.9,Passed
SU2023,SU2023-class 1,13,1905AGBHAH,7.5,8.5,7.8,7.7,Passed
SU2023,SU2023-class 1,14,1905AGCFIE,5.4,5.5,8,6.8,Passed
SU2023,SU2023-class 1,15,1905AGCCEH,6.4,7.5,6.8,6.8,Passed
SU2023,SU2023-class 1,16,1905AGAECD,6.4,8,6.2,6.8,Passed
SU2023,SU2023-class 1,17,1905AGBJEF,7.5,8,5.4,6.7,Passed
SU2023,SU2023-class 1,18,1905AGCJCB,8.3,9.5,8.6,8.5,Passed
SU2023,SU2023-class 1,19,1905AGCBBE,6.2,7.5,6.2,6.4,Passed
SU2023,SU2023-class 1,20,1905AGAJDC,7.7,9,6.8,7.4,Passed
SU2023,SU2023-class 1,21,1905AGAAEB,6.4,7,7,6.7,Passed
SU2023,SU2023-class 1,22,1905AGBGGB,6.2,7,5.4,5.8,Passed
SU2023,SU2023-class 1,23,1905AGCFHJ,7.7,8,6.4,7.1,Passed
SU2023,SU2023-class 1,24,1905AGBCHB,7.5,8,5.8,6.5,Passed
SU2023,SU2023-class 1,25,1905AGBCIA,7.5,7,4.4,6,Passed
SU2023,SU2023-class 1,26,1905AGADDI,5.2,0,0,2.2,Attendance Fail
SU2023,SU2023-class 1,27,1905AGJEFE,7.3,8,6,6.6,Passed
SU2023,SU2023-class 1,28,1905AGCEGA,7.6,7.5,6,6.7,Passed
SU2024,SU2024-class 1,1,1905AIFDCF,10,10,6.8,8.7,Passed
SU2024,SU2024-class 1,2,1905AHJCBI,10,10,6.8,8.7,Passed
SU2024,SU2024-class 1,3,1905AHCAED,7.7,10,6,7.3,Passed
SU2024,SU2024-class 1,4,1905AHCCAJ,6.8,10,5,6.6,Passed
SU2024,SU2024-class 1,5,1905AIDHDC,10,10,5,8,Passed
SU2024,SU2024-class 1,6,1905AHAFJB,8.2,10,6,7.9,Passed
SU2024,SU2024-class 1,7,1905AHJCHI,9.4,9.5,6.4,7.9,Passed
SU2024,SU2024-class 1,8,1905AHDHCI,10,10,5.6,8.2,Passed
SU2024,SU2024-class 1,9,1705AHJAGG,8.2,10,7.4,8.4,Passed
SU2024,SU2024-class 1,10,1905AHJEJC,9.4,10,6.6,8.5,Passed
SU2024,SU2024-class 1,11,1905AHAEJA,9.9,10,7.4,8.9,Passed
SU2024,SU2024-class 1,12,1905AHAGIH,6.9,10,5.4,6.8,Passed
SU2024,SU2024-class 1,13,1905AHJBEA,9.4,10,8.2,9.1,Passed
SU2024,SU2024-class 1,14,1905AGCFAF,7.2,10,5.6,7,Passed
SU2024,SU2024-class 1,15,1905AHDDIG,6.5,2.5,5.6,6,Passed
SU2024,SU2024-class 1,16,1905AGJDEI,7.4,10,6.6,7.5,Passed
SU2024,SU2024-class 1,17,1905AHAHBB,7,10,5.6,6.9,Passed
SU2024,SU2024-class 1,18,1905AHCIBG,10,10,8.6,9.4,Passed
SU2024,SU2024-class 1,19,1705AHJAJG,6.1,10,8.2,7.7,Passed
SU2024,SU2024-class 1,20,1905AHEJCE,6.1,10,5.6,6.7,Passed
SU2024,SU2024-class 1,21,1905AHDHIJ,7.1,10,5.6,7,Passed
SU2024,SU2024-class 1,22,1905AHAFHE,9.6,10,7.4,8.8,Passed
SU2024,SU2024-class 1,23,1905AHCJEJ,7.7,10,5.6,7.2,Passed
SU2024,SU2024-class 1,24,1905AHJBDI,10,10,7,8.8,Passed
SU2024,SU2024-class 1,25,1705AHJJFB,8.6,10,3.8,7.1,Not Passed
SU2024,SU2024-class 1,26,1905AHJJHJ,8.6,10,4.2,6.9,Passed
SU2024,SU2024-class 1,27,1905AGBDFJ,6.1,10,4.6,6.3,Passed
SU2025,SU2025-class 1,1,1905AHCGBD,0,0,0,1,Attendance Fail
SU2025,SU2025-class 1,2,1905AIFEJI,8.3,7.4,8,8.3,Passed
SU2025,SU2025-class 1,3,1905AIFBCG,8.3,8,8,8.4,Passed
SU2025,SU2025-class 1,4,1905AHCCDA,8,7.4,6.4,7.6,Passed
SU2025,SU2025-class 1,5,1905AHCGCG,8.3,8.2,5.6,7.5,Passed
SU2025,SU2025-class 1,6,1905AHJGHD,8.8,7.7,8.8,8.8,Passed
SU2025,SU2025-class 1,7,1905AHCHCE,8.5,5.9,9.2,8.7,Passed
SU2025,SU2025-class 1,8,1905AIFDDJ,8.5,7.7,6,7.6,Passed
SU2025,SU2025-class 1,9,1905AIJAHF,8.3,8.6,4.8,7.1,Passed
SU2025,SU2025-class 1,10,1905AIDDDH,8.3,6.4,6.6,7.5,Passed
SU2025,SU2025-class 1,11,1905AIDHEJ,8.3,9.4,7.6,8.4,Passed
SU2025,SU2025-class 1,12,1905AICHJG,8.5,9,6.2,7.8,Passed
SU2025,SU2025-class 1,13,1905AIFBFF,8.5,5.9,7,7.8,Passed
SU2025,SU2025-class 1,14,1905AIJAHI,8.3,8.6,5.8,7.6,Passed
SU2025,SU2025-class 1,15,1905AHCAJC,8.5,9,7.2,8.3,Passed
SU2025,SU2025-class 1,16,1905AIBGJD,8.3,6,5.6,7.2,Passed
SU2025,SU2025-class 1,17,1905AIDCHD,8.3,7.7,8.2,8.5,Passed
SU2025,SU2025-class 1,18,1905AIDEBB,0,0,0,0,Attendance Fail
SU2025,SU2025-class 1,19,1905AHDDHF,8.3,8.2,6.4,7.8,Passed
SU2025,SU2025-class 1,20,1905AIFFFJ,8.3,7.7,7,7.9,Passed
SU2025,SU2025-class 1,21,1905AEJFAC,8.3,6.4,5.6,7.3,Passed
SU2025,SU2025-class 1,22,1905AHCIEE,8.5,5.9,7.4,8,Passed
SU2025,SU2025-class 1,23,1905AHAICC,8.3,8.6,6,7.6,Passed
SU2025,SU2025-class 1,24,1905AGBECE,8.3,6,4.6,6.8,Passed
SU2025,SU2025-class 1,25,1905AIDBDH,8.3,8.2,8.4,8.6,Passed
SU2025,SU2025-class 1,26,1905AICAJH,0,0,0,1,Attendance Fail
SU2025,SU2025-class 1,27,1905AHJBJA,8,8.2,6.6,7.7,Passed
SU2025,SU2025-class 1,28,1905AIFDEJ,8.5,9,6.6,7.9,Passed
SU2025,SU2025-class 1,29,1905AIJBIG,8.3,6,8.8,8.5,Passed
SU2025,SU2025-class 1,30,1905AIFCAH,8.3,9.4,6.2,7.8,Passed
SU2025,SU2025-class 1,31,1905AHJFHC,8.3,8.6,4.8,7,Passed
SU2025,SU2025-class 1,32,1905AHJJHH,9,8,7.4,8.4,Passed
SU2025,SU2025-class 1,33,1905AHDGEI,8,5.2,4.8,6.7,Passed
SU2025,SU2025-class 1,34,1905AHBBAG,8.3,6,7.4,7.9,Passed
SU2025,SU2025-class 1,35,1905AICBDJ,8.3,8,5,7.2,Passed
SU2025,SU2025-class 1,,,0,0,0.457142857,,
