Mã học kỳ,Mã lớp,NO.,CODE,PROGRESS TESTS-10,LABS-10,ASSIGNMENTS-10,PRACTICAL EXAM-30,FINAL EXAM-30,TOTAL,STATUS
SU2025,SU2025-class 1,1,1905BJDCBG,9,9.8,8,4,7.8,7.1,Passed
SU2025,SU2025-class 1,2,1905BJJIAF,4.2,5.4,7,2,0,2.8,Not Passed
SU2025,SU2025-class 1,3,1905BJCJGI,8.5,6.8,7,3,5,5.4,Passed
SU2025,SU2025-class 1,4,1905BJDAGI,9.2,10,7,2,0,4,Not Passed
SU2025,SU2025-class 1,5,1905BJCGGJ,4.9,6.6,10,5,8,6.8,Passed
SU2025,SU2025-class 1,6,1905BJDIHJ,8.9,10,10,9,7.4,8.7,Passed
SU2025,SU2025-class 1,7,1905BJCDDG,8.8,10,8,9,8,8.6,Passed
SU2025,SU2025-class 1,8,1905BJAGBB,8.2,9.8,8,2,6.8,6,Passed
SU2025,SU2025-class 1,9,1905BJCJFD,8.7,10,10,9,7.8,8.8,Passed
SU2025,SU2025-class 1,10,1905BJECBJ,8.2,2,7,5,8.2,6.4,Passed
