course_proxy,course_id,source_file
C01,ADY201M,tong_hop_mon_hoc-20260923T003545Z-1-001.csv
C02,PCP291,tong_hop_mon_hoc-20260923T003545Z-1-001-1.csv
C03,PRJ301,tong_hop_mon_hoc-20260923T003545Z-1-001-2.csv
C04,PRF193,tong_hop_mon_hoc-20260923T003545Z-1-001-3.csv
C05,PFP191,tong_hop_mon_hoc-20260923T003545Z-1-001-4.csv
C06,PRJ321,tong_hop_mon_hoc-20260923T003545Z-1-001-5.csv
C07,DAP391M,tong_hop_mon_hoc-20260923T003545Z-1-001-6.csv
C08,CSD201,tong_hop_mon_hoc-20260923T003545Z-1-001-7.csv
C09,IOT101,tong_hop_mon_hoc-20260923T003545Z-1-001-8.csv
C10,CSD203,tong_hop_mon_hoc-20260923T003545Z-1-001-9.csv
C11,PRO192,tong_hop_mon_hoc-20260923T003545Z-1-001-10.csv
C12,IOT102,tong_hop_mon_hoc-20260923T003545Z-1-001-11.csv
C13,PRJ30X,tong_hop_mon_hoc-20260923T003545Z-1-001-12.csv
C14,LAB211,tong_hop_mon_hoc-20260923T003545Z-1-001-13.csv
C15,OSG202,tong_hop_mon_hoc-20260923T003545Z-1-001-14.csv
C16,CEA201,tong_hop_mon_hoc-20260923T003545Z-1-001-15.csv
C17,DBI202,tong_hop_mon_hoc-20260923T003545Z-1-001-16.csv
C18,PRF192,tong_hop_mon_hoc-20260923T003545Z-1-001-17.csv
