student_id,course_id,failure_semester,failure_semester_order,failure_attempt_no,initial_failure_total,initial_failure_type,next_semester,next_semester_order,next_attempt_no,next_attempt_total,next_status_group,score_delta,pass_next_attempt,time_gap,prior_attempt_count,complete_score_pair
1905ADAJEI,PRJ301,FA2022,6068,1,4.9,FAIL_ACADEMIC,SP2023,6069.0,2.0,7.6,PASS,2.6999999999999993,1,1.0,0,True
1905ADJJDD,OSG202,SU2020,6061,1,4.9,FAIL_ACADEMIC,FA2020,6062.0,2.0,6.2,FAIL_ACADEMIC,1.2999999999999998,0,1.0,0,True
1905AEJGAE,CEA201,SU2020,6061,1,6.1,FAIL_ACADEMIC,FA2020,6062.0,2.0,7.9,PASS,1.8000000000000007,1,1.0,0,True
1905AFAEAC,PRO192,SU2023,6070,1,2.3,FAIL_ACADEMIC,FA2023,6071.0,2.0,4.6,FAIL_ACADEMIC,2.3,0,1.0,0,True
1905AFAFJG,IOT102,FA2024,6074,1,0.0,FAIL_ATTENDANCE,SU2025,6076.0,2.0,6.6,PASS,6.6,1,2.0,0,True
1905AFAJDD,CSD201,FA2022,6068,1,1.7,FAIL_ACADEMIC,SP2023,6069.0,2.0,5.4,PASS,3.7,1,1.0,0,True
1905AFJEAG,LAB211,SP2022,6066,1,,FAIL_ACADEMIC,FA2022,6068.0,2.0,,PASS,,1,2.0,0,False
1905AFJFEE,OSG202,SU2022,6067,1,0.0,FAIL_ATTENDANCE,SP2023,6069.0,2.0,0.0,FAIL_ATTENDANCE,0.0,0,2.0,0,True
1905AGADGJ,CSD201,FA2024,6074,1,4.9,FAIL_ACADEMIC,SP2025,6075.0,2.0,0.0,FAIL_ATTENDANCE,-4.9,0,1.0,0,True
1905AGBAGA,PRJ30X,SP2024,6072,1,6.3,FAIL_ACADEMIC,SU2024,6073.0,2.0,6.4,PASS,0.10000000000000053,1,1.0,0,True
1905AGBCIA,CSD203,FA2022,6068,1,4.2,FAIL_ACADEMIC,SP2023,6069.0,2.0,5.2,PASS,1.0,1,1.0,0,True
1905AGCAIH,LAB211,SU2024,6073,1,,FAIL_ATTENDANCE,SU2025,6076.0,2.0,,FAIL_ATTENDANCE,,0,3.0,0,False
1905AGCCAC,LAB211,FA2023,6071,1,,FAIL_ATTENDANCE,SP2024,6072.0,2.0,,PASS,,1,1.0,0,False
1905AGCDGI,CSD201,FA2022,6068,1,2.9,SUSPENDED,SP2023,6069.0,2.0,3.2,FAIL_ACADEMIC,0.30000000000000027,0,1.0,0,True
1905AGJBAJ,LAB211,SP2025,6075,1,,FAIL_ACADEMIC,SU2025,6076.0,2.0,,FAIL_ATTENDANCE,,0,1.0,0,False
1905AGJCFG,PRF192,SP2022,6066,1,2.7,FAIL_ACADEMIC,SU2022,6067.0,2.0,5.5,PASS,2.8,1,1.0,0,True
1905AGJECA,PRO192,SU2022,6067,1,3.3,FAIL_ACADEMIC,SP2023,6069.0,2.0,0.7,FAIL_ACADEMIC,-2.5999999999999996,0,2.0,0,True
1905AHBDIH,CSD201,FA2024,6074,1,0.7,FAIL_ACADEMIC,SP2025,6075.0,2.0,6.0,PASS,5.3,1,1.0,0,True
1905AHBEAI,IOT102,FA2024,6074,1,0.0,FAIL_ACADEMIC,SP2025,6075.0,2.0,6.6,PASS,6.6,1,1.0,0,True
1905AHBIFI,PRO192,FA2023,6071,1,0.3,FAIL_ATTENDANCE,SP2024,6072.0,2.0,5.5,PASS,5.2,1,1.0,0,True
1905AHCEBF,DBI202,SP2024,6072,1,2.3,FAIL_ACADEMIC,SU2024,6073.0,2.0,4.5,FAIL_ACADEMIC,2.2,0,1.0,0,True
1905AHDAAA,IOT102,SU2024,6073,1,0.8,FAIL_ATTENDANCE,FA2024,6074.0,2.0,7.9,PASS,7.1000000000000005,1,1.0,0,True
1905AHDFAA,PRF192,SP2023,6069,1,4.1,FAIL_ACADEMIC,SU2023,6070.0,2.0,6.7,PASS,2.6000000000000005,1,1.0,0,True
1905AICDFD,CSD201,FA2024,6074,1,2.6,FAIL_ACADEMIC,SP2025,6075.0,2.0,8.1,PASS,5.5,1,1.0,0,True
1905AICIHD,CEA201,SU2024,6073,1,5.9,FAIL_ACADEMIC,SP2025,6075.0,2.0,4.4,FAIL_ACADEMIC,-1.5,0,2.0,0,True
1905AIJCBJ,CSD201,SP2025,6075,1,3.4,FAIL_ACADEMIC,SU2025,6076.0,2.0,7.9,PASS,4.5,1,1.0,0,True
1905FBCBF,DBI202,SP2017,6051,1,0.0,FAIL_ACADEMIC,SU2017,6052.0,2.0,2.8,FAIL_ACADEMIC,2.8,0,1.0,0,True
1905FCBAD,PRJ30X,SU2024,6073,1,2.9,FAIL_ACADEMIC,SP2025,6075.0,2.0,4.3,FAIL_ACADEMIC,1.4,0,2.0,0,True
1905FCCJC,PRO192,SP2018,6054,1,1.0,FAIL_ACADEMIC,SU2018,6055.0,2.0,1.0,FAIL_ACADEMIC,0.0,0,1.0,0,True
1905FCJHI,LAB211,SP2018,6054,1,,FAIL_ACADEMIC,SU2018,6055.0,2.0,,FAIL_ACADEMIC,,0,1.0,0,False
